suite,original_seed,checkpoint_step,continuation_label,horizon,allocation,macro_success_pct,gain_pp,extra_gain_vs_U_pp,worst_task_success_pct,maximum_task_drop_pp,DO_success_pct,DC_success_pct,WO_success_pct,WC_success_pct,DO_gain_pp,DC_gain_pp,WO_gain_pp,WC_gain_pp,DO_extra_gain_vs_U_pp,DC_extra_gain_vs_U_pp,WO_extra_gain_vs_U_pp,WC_extra_gain_vs_U_pp
A,901,200000,1901,40000,U,52.5,0.0,0.0,20.0,0,20.0,60.0,40.0,90.0,0.0,0.0,0.0,0.0,0.0,0.0,0.0,0.0
A,901,200000,1901,40000,F_DO,52.5,0.0,0.0,20.0,0,20.0,60.0,40.0,90.0,0.0,0.0,0.0,0.0,0.0,0.0,0.0,0.0
A,901,200000,1901,40000,F_DC,62.5,9.999999999999998,9.999999999999998,30.0,0,30.0,70.0,50.0,100.0,9.999999999999998,9.999999999999998,9.999999999999998,9.999999999999998,9.999999999999998,9.999999999999998,9.999999999999998,9.999999999999998
A,901,200000,1901,40000,F_WO,52.5,0.0,0.0,20.0,0,20.0,60.0,40.0,90.0,0.0,0.0,0.0,0.0,0.0,0.0,0.0,0.0
A,901,200000,1901,40000,F_WC,52.5,0.0,0.0,20.0,0,20.0,60.0,40.0,90.0,0.0,0.0,0.0,0.0,0.0,0.0,0.0,0.0
A,901,200000,1902,40000,U,52.5,0.0,0.0,20.0,0,20.0,60.0,40.0,90.0,0.0,0.0,0.0,0.0,0.0,0.0,0.0,0.0
A,901,200000,1902,40000,F_DO,52.5,0.0,0.0,20.0,0,20.0,60.0,40.0,90.0,0.0,0.0,0.0,0.0,0.0,0.0,0.0,0.0
A,901,200000,1902,40000,F_DC,52.5,0.0,0.0,20.0,0,20.0,60.0,40.0,90.0,0.0,0.0,0.0,0.0,0.0,0.0,0.0,0.0
A,901,200000,1902,40000,F_WO,52.5,0.0,0.0,20.0,0,20.0,60.0,40.0,90.0,0.0,0.0,0.0,0.0,0.0,0.0,0.0,0.0
A,901,200000,1902,40000,F_WC,52.5,0.0,0.0,20.0,0,20.0,60.0,40.0,90.0,0.0,0.0,0.0,0.0,0.0,0.0,0.0,0.0
A,901,200000,1903,40000,U,52.5,0.0,0.0,20.0,0,20.0,60.0,40.0,90.0,0.0,0.0,0.0,0.0,0.0,0.0,0.0,0.0
A,901,200000,1903,40000,F_DO,52.5,0.0,0.0,20.0,0,20.0,60.0,40.0,90.0,0.0,0.0,0.0,0.0,0.0,0.0,0.0,0.0
A,901,200000,1903,40000,F_DC,56.49999999999999,3.9999999999999925,3.9999999999999925,24.0,0,24.0,64.0,44.0,94.0,3.9999999999999982,4.0000000000000036,3.9999999999999982,3.9999999999999925,3.9999999999999982,4.0000000000000036,3.9999999999999982,3.9999999999999925
A,901,200000,1903,40000,F_WO,52.5,0.0,0.0,20.0,0,20.0,60.0,40.0,90.0,0.0,0.0,0.0,0.0,0.0,0.0,0.0,0.0
A,901,200000,1903,40000,F_WC,52.5,0.0,0.0,20.0,0,20.0,60.0,40.0,90.0,0.0,0.0,0.0,0.0,0.0,0.0,0.0,0.0
A,901,200000,1904,40000,U,52.5,0.0,0.0,20.0,0,20.0,60.0,40.0,90.0,0.0,0.0,0.0,0.0,0.0,0.0,0.0,0.0
A,901,200000,1904,40000,F_DO,52.5,0.0,0.0,20.0,0,20.0,60.0,40.0,90.0,0.0,0.0,0.0,0.0,0.0,0.0,0.0,0.0
A,901,200000,1904,40000,F_DC,58.5,5.999999999999995,5.999999999999995,26.0,0,26.0,66.0,46.0,96.0,6.0,6.000000000000005,6.0,5.999999999999995,6.0,6.000000000000005,6.0,5.999999999999995
A,901,200000,1904,40000,F_WO,52.5,0.0,0.0,20.0,0,20.0,60.0,40.0,90.0,0.0,0.0,0.0,0.0,0.0,0.0,0.0,0.0
A,901,200000,1904,40000,F_WC,52.5,0.0,0.0,20.0,0,20.0,60.0,40.0,90.0,0.0,0.0,0.0,0.0,0.0,0.0,0.0,0.0
A,901,200000,1905,40000,U,52.5,0.0,0.0,20.0,0,20.0,60.0,40.0,90.0,0.0,0.0,0.0,0.0,0.0,0.0,0.0,0.0
A,901,200000,1905,40000,F_DO,52.5,0.0,0.0,20.0,0,20.0,60.0,40.0,90.0,0.0,0.0,0.0,0.0,0.0,0.0,0.0,0.0
A,901,200000,1905,40000,F_DC,60.5,7.9999999999999964,7.9999999999999964,28.000000000000004,0,28.000000000000004,68.0,48.0,98.0,8.000000000000002,8.000000000000007,7.9999999999999964,7.9999999999999964,8.000000000000002,8.000000000000007,7.9999999999999964,7.9999999999999964
A,901,200000,1905,40000,F_WO,52.5,0.0,0.0,20.0,0,20.0,60.0,40.0,90.0,0.0,0.0,0.0,0.0,0.0,0.0,0.0,0.0
A,901,200000,1905,40000,F_WC,52.5,0.0,0.0,20.0,0,20.0,60.0,40.0,90.0,0.0,0.0,0.0,0.0,0.0,0.0,0.0,0.0
