from_step,to_step,task,paired_episodes,new_successes,lost_successes,persistent_successes,persistent_failures,task_gain_pp,macro_gain_contribution_pp
0,100000,DO,20,0,0,0,20,0.0,0.0
0,100000,DC,20,20,0,0,0,100.0,25.0
0,100000,WO,20,0,0,0,20,0.0,0.0
0,100000,WC,20,5,0,0,15,25.0,6.25
100000,200000,DO,20,0,0,0,20,0.0,0.0
100000,200000,DC,20,0,0,20,0,0.0,0.0
100000,200000,WO,20,1,0,0,19,5.0,1.25
100000,200000,WC,20,15,2,3,0,65.0,16.25
200000,400000,DO,20,1,0,0,19,5.0,1.25
200000,400000,DC,20,0,0,20,0,0.0,0.0
200000,400000,WO,20,7,0,1,12,35.0,8.75
200000,400000,WC,20,2,0,18,0,9.999999999999998,2.4999999999999996
0,400000,DO,20,1,0,0,19,5.0,1.25
0,400000,DC,20,20,0,0,0,100.0,25.0
0,400000,WO,20,8,0,0,12,40.0,10.0
0,400000,WC,20,20,0,0,0,100.0,25.0
