step,task,collected_transitions,sampled_transitions_with_replacement,sample_share,percentage_point_deviation_from_25
4000,DO,1000,154014,0.2005390625,-4.946093749999999
4000,DC,1000,203914,0.26551302083333334,1.5513020833333329
4000,WO,1000,251319,0.32723828125,7.723828124999997
4000,WC,1000,158753,0.20670963541666668,-4.329036458333334
100000,DO,25000,6317741,0.2492795533459596,-0.07204466540403942
100000,DC,25000,6390080,0.2521338383838384,0.21338383838383734
100000,WO,25000,6449953,0.2544962515782828,0.44962515782828305
100000,WC,25000,6186226,0.2440903566919192,-0.590964330808081
200000,DO,50000,12704433,0.24938035882537687,-0.06196411746230979
200000,DC,50000,12799257,0.25124169676507535,0.12416967650753818
200000,WO,50000,12823067,0.25170907270728643,0.17090727072864453
200000,WC,50000,12617243,0.24766887170226132,-0.23311282977386938
400000,DO,100000,25485799,0.2495085271773183,-0.049147282268169334
400000,DC,100000,25595918,0.25058660322681703,0.05866032268170329
400000,WO,100000,25632145,0.2509412691885965,0.09412691885965074
400000,WC,100000,25430138,0.24896360040726817,-0.1036399592731847
