start_step,end_step,task,episodes,successes,success_rate,return_mean,return_p10,return_median,return_p90,return_min,return_max
0,100000,DC,50,26,0.52,2355.6560245693345,2.836016450701379,2254.816199124183,4836.091879450648,1.144050886292469,4847.517937529832
0,100000,DO,50,2,0.04,1514.7801870049877,630.877595342549,1584.1697035578334,2289.959971811476,431.63160621127264,2524.995236015943
0,100000,WC,50,24,0.48,1235.9732518602555,330.76025057269123,582.3062421362208,2738.148542052387,110.45865467003588,3031.140777238687
0,100000,WO,50,0,0.0,224.67609746272498,157.22458762860805,236.62591276016673,284.7607856278495,106.83155643864876,338.77577130251206
100000,200000,DC,50,50,1.0,4656.563021214002,4470.583592309159,4822.220034182072,4860.0,954.7188544729725,4862.019584715366
100000,200000,DO,50,14,0.28,1844.7282591682067,1005.4159831823567,1763.274101057689,2877.13805735967,440.9277293376457,3748.50582065645
100000,200000,WC,50,41,0.82,2352.306105726525,461.52029099285323,2947.867006476845,3685.759317348887,220.0212636000208,4238.684810826617
100000,200000,WO,50,3,0.06,234.98821339896003,153.2121060946196,231.84876451600917,305.04746395925815,114.02458502459623,437.3842894408932
200000,300000,DC,50,50,1.0,4513.322722702886,4529.477139049436,4844.778628019616,4865.530728045106,294.8844845921318,4873.355200782418
200000,300000,DO,50,19,0.38,1854.5015491744584,912.277992473389,1852.569981959166,2731.8392267627873,616.8919283787864,3117.496800482816
200000,300000,WC,50,46,0.92,3617.0358756957903,1246.8620519988,4037.6216953340027,4348.573939572711,403.56168830367903,4529.668245625589
200000,300000,WO,50,7,0.14,303.97062149253526,145.53366563290015,256.6489127953712,559.423228401385,109.3238157046342,1292.9283462111307
300000,400000,DC,50,49,0.98,4491.6945978388785,4525.036358608317,4844.6561278691515,4863.879528437555,0.0573628609163792,4873.506211787462
300000,400000,DO,50,14,0.28,1903.5351024341662,1033.2424010145014,1948.546492045976,2582.608672062891,512.8118670976565,3548.7831704951204
300000,400000,WC,50,47,0.94,3702.432367407664,2445.0614771847722,4183.107150780836,4387.141914707494,47.23132830297202,4476.118733301198
300000,400000,WO,50,20,0.4,619.062332299193,188.9260847946988,291.2924295505693,1333.6150082793888,138.67389881341742,2564.000514744873
