stage,passed,seconds,environment_creations,resets,environment_steps,train_iterations,evaluation_episodes
unit_contracts,True,0.1683343006297946,0,0,0,0,0
environment_inputs_and_reset,True,0.5040964996442199,12,12,128,0,0
actual_allocation_and_termination,True,5.309012900106609,40,40,20000,0,0
evaluation_banks,True,7.913364100269973,288,288,0,0,0
shared_sac_training,True,24.515868799760938,8,8,4000,3000,0
complete_checkpoint,True,0.08396540023386478,0,0,0,0,0
evaluation_isolation,True,7.638928299769759,20,20,8334,0,20
continuous_vs_restored_training,True,18.562305999919772,4,4,2000,2000,0
stock_sac_equivalence,True,0.1272915992885828,0,0,0,2,0
branch_initialization_and_no_warmup,True,5.724852900020778,2,2,501,501,0
