segment,step,updates,replay_size,replay_pos,task,reward,success,actor_loss,critic_loss,entropy_loss,entropy_coefficient,critic_0_abs_td_error,critic_1_abs_td_error,batch_new_fraction,collected_DO,collected_DC,collected_WO,collected_WC,sampled_DO,sampled_DC,sampled_WO,sampled_WC,last_batch_DO,last_batch_DC,last_batch_WO,last_batch_WC,segment_seconds
repeat_1903_U,200250,199250,100000,250,DC,10.0,True,-534.7881469726562,17.875179290771484,-1.0836446285247803,0.11286187171936035,2.5340662002563477,2.4036741256713867,0.0,50000,50250,50000,50000,12720293,12815176,12839119,12633412,62,64,63,67,2.3075163001194596
repeat_1903_U,200500,199500,100000,500,DC,10.0,True,-518.0548095703125,25.68577003479004,-0.717958927154541,0.11066140234470367,2.933213710784912,2.8040995597839355,0.00390625,50000,50500,50000,50000,12736194,12831132,12855251,12649423,57,69,71,59,4.6000707000494
repeat_1903_U,200750,199750,100000,750,DC,10.0,True,-508.9927978515625,13.308927536010742,-0.18806776404380798,0.1111457347869873,2.4214248657226562,2.6469578742980957,0.0,50000,50750,50000,50000,12752123,12847187,12871266,12665424,77,56,60,63,7.02960960008204
repeat_1903_U,201000,200000,100000,1000,DC,10.0,True,-566.725830078125,18.799396514892578,-0.37563902139663696,0.11210982501506805,3.2418196201324463,2.6441502571105957,0.01953125,50000,51000,50000,50000,12768146,12863229,12887078,12681547,52,75,60,69,9.465117200277746
repeat_1903_U,201250,200250,100000,1250,DO,1.4215010652344595,False,-559.5932006835938,31.957843780517578,-0.11950042843818665,0.11103666573762894,3.3038361072540283,3.116894483566284,0.0390625,50250,51000,50000,50000,12784243,12879141,12903010,12697606,58,71,54,73,12.023013800382614
repeat_1903_U,201500,200500,100000,1500,DO,3.905273295945562,False,-524.8377685546875,16.441932678222656,-0.5037892460823059,0.10848508775234222,2.572338819503784,2.736642837524414,0.015625,50500,51000,50000,50000,12800496,12894960,12918926,12713618,71,59,63,63,14.56122410017997
repeat_1903_U,201750,200750,100000,1750,WC,6.802974311566878,True,-571.0375366210938,23.010120391845703,0.32614603638648987,0.10760392993688583,3.023162364959717,3.63425350189209,0.02734375,50500,51000,50000,50250,12816680,12911062,12934696,12729562,73,73,53,57,17.02280279994011
repeat_1903_U,202000,201000,100000,2000,WC,8.17426480769863,True,-503.9130554199219,25.703649520874023,0.09258615970611572,0.10667474567890167,4.071355819702148,3.433558464050293,0.01953125,50500,51000,50000,50500,12833108,12926909,12950382,12745601,60,62,74,60,19.50291580054909
repeat_1903_U,202250,201250,100000,2250,WO,0.4380936007313161,False,-528.8003540039062,21.000690460205078,0.303022176027298,0.10634781420230865,3.0710835456848145,2.98406982421875,0.01171875,50500,51000,50250,50500,12849486,12942955,12966043,12761516,60,64,67,65,21.97908900026232
repeat_1903_U,202500,201500,100000,2500,WO,0.3456043726674456,False,-549.2875366210938,14.092108726501465,-0.6230717301368713,0.10822652280330658,2.374911308288574,2.467021942138672,0.046875,50500,51000,50500,50500,12865814,12959010,12981763,12777413,61,68,61,66,24.230062800459564
repeat_1903_U,202750,201750,100000,2750,WO,0.3740436012404033,False,-502.73138427734375,15.955997467041016,0.17784446477890015,0.10936298966407776,3.002438545227051,2.5635557174682617,0.0234375,50500,51000,50750,50500,12882127,12974892,12997461,12793520,70,54,69,63,26.46004860009998
repeat_1903_U,203000,202000,100000,3000,WO,0.3559008865096701,False,-530.6090087890625,112.97238159179688,0.7971614003181458,0.11161595582962036,3.4375,3.63211727142334,0.03125,50500,51000,51000,50500,12898461,12990753,13013404,12809382,55,68,66,67,28.586487700231373
repeat_1903_U,203250,202250,100000,3250,DO,6.824644870313663,True,-498.3438415527344,18.032424926757812,-0.5045077800750732,0.11063418537378311,2.9310383796691895,3.258883476257324,0.03125,50750,51000,51000,50500,12914463,13006797,13029375,12825365,75,60,73,48,30.689428300596774
repeat_1903_U,203500,202500,100000,3500,DO,7.017269557228628,True,-508.84503173828125,38.73992156982422,-0.48189592361450195,0.1102006807923317,2.8910632133483887,3.8524107933044434,0.015625,51000,51000,51000,50500,12930346,13022770,13045411,12841473,65,55,65,71,32.8217152999714
repeat_1903_U,203750,202750,100000,3750,WC,7.414200390732376,True,-568.7994995117188,21.237682342529297,-0.1813972294330597,0.11251585930585861,2.7420034408569336,3.2178709506988525,0.03515625,51000,51000,51000,50750,12946387,13038838,13061271,12857504,51,75,62,68,34.98566590063274
repeat_1903_U,204000,203000,100000,4000,WC,9.119586550931144,True,-534.3699951171875,33.14268112182617,-0.9771146178245544,0.11256581544876099,3.1160049438476562,2.9073522090911865,0.03515625,51000,51000,51000,51000,12962166,13054831,13077248,12873755,54,66,68,68,37.10278440080583
repeat_1903_U,204250,203250,100000,4250,WC,9.865615030401333,True,-478.81304931640625,37.8203239440918,-0.7077721357345581,0.11011442542076111,3.32243013381958,3.232713222503662,0.046875,51000,51000,51000,51250,12978301,13070760,13093250,12889689,57,48,74,77,2.160306799225509
repeat_1903_U,204500,203500,100000,4500,WC,9.891887428897094,True,-545.3370971679688,30.8542537689209,0.2794625461101532,0.1101204976439476,3.116044282913208,3.0377955436706543,0.0390625,51000,51000,51000,51500,12994454,13086472,13109287,12905787,75,58,54,69,4.262183899991214
repeat_1903_U,204750,203750,100000,4750,DO,2.339412174618633,False,-525.7994995117188,30.539831161499023,-0.34652674198150635,0.11042039096355438,3.039846897125244,3.38802433013916,0.0703125,51250,51000,51000,51500,13010515,13102013,13125371,12922101,80,63,56,57,6.3869353998452425
repeat_1903_U,205000,204000,100000,5000,DO,2.0428117185172545,False,-565.97265625,18.384889602661133,-1.2990708351135254,0.11030655354261398,2.8294663429260254,2.736717700958252,0.07421875,51500,51000,51000,51500,13026597,13117634,13141468,12938301,77,70,51,58,8.499106699600816
repeat_1903_U,205250,204250,100000,5250,DC,10.0,True,-523.566162109375,26.544055938720703,0.625636637210846,0.109026700258255,3.0510623455047607,3.1592001914978027,0.046875,51500,51250,51000,51500,13042685,13133064,13157625,12954626,61,63,65,67,10.694085599854589
repeat_1903_U,205500,204500,100000,5500,DC,10.0,True,-570.9442749023438,28.230335235595703,0.1983705461025238,0.1103353351354599,2.812039375305176,2.8008196353912354,0.07421875,51500,51500,51000,51500,13058541,13148948,13173522,12970989,58,79,59,60,12.820170399732888
repeat_1903_U,205750,204750,100000,5750,DO,3.161026331969424,False,-504.1433410644531,22.75674819946289,-0.48706990480422974,0.11001820117235184,3.1099305152893066,3.1581876277923584,0.05859375,51750,51500,51000,51500,13074621,13164497,13189619,12987263,61,63,76,56,14.994763899594545
repeat_1903_U,206000,205000,100000,6000,DO,1.063787226044455,False,-508.36822509765625,17.559593200683594,-0.513420045375824,0.10975843667984009,2.786652088165283,2.949063301086426,0.04296875,52000,51500,51000,51500,13090804,13180145,13205742,13003309,55,57,70,74,17.114256999455392
repeat_1903_U,206250,205250,100000,6250,WO,0.4034819646829813,False,-522.59423828125,26.38329315185547,0.04276168346405029,0.11115919798612595,2.8718318939208984,3.0491628646850586,0.04296875,52000,51500,51250,51500,13107199,13195800,13221824,13019177,67,60,66,63,19.3013407997787
repeat_1903_U,206500,205500,100000,6500,WO,0.49361922949229775,False,-526.728759765625,13.120643615722656,0.2793182134628296,0.10894712060689926,2.218860149383545,2.440732955932617,0.078125,52000,51500,51500,51500,13123508,13211258,13237933,13035301,59,66,72,59,21.438012699596584
repeat_1903_U,206750,205750,100000,6750,WC,8.444479943518434,True,-537.017822265625,16.672910690307617,-0.8173792958259583,0.10998032987117767,2.7665181159973145,2.843515396118164,0.0859375,52000,51500,51500,51750,13140022,13226837,13253927,13051214,72,72,66,46,23.61144969984889
repeat_1903_U,207000,206000,100000,7000,WC,8.690796443636188,True,-516.3614501953125,27.973451614379883,0.6226951479911804,0.11332154273986816,2.9048891067504883,2.658282518386841,0.07421875,52000,51500,51500,52000,13156301,13242599,13269562,13067538,59,61,67,69,25.75628469977528
repeat_1903_U,207250,206250,100000,7250,WO,0.4476860852791934,False,-526.0802001953125,30.064544677734375,0.16374415159225464,0.11291223019361496,3.1592214107513428,2.996122360229492,0.06640625,52000,51500,51750,52000,13172736,13258272,13285222,13083770,52,59,65,80,27.911881799809635
repeat_1903_U,207500,206500,100000,7500,WO,0.4626105179421265,False,-512.5618896484375,18.519914627075195,-0.9551302790641785,0.11298251897096634,2.9582574367523193,2.8795981407165527,0.07421875,52000,51500,52000,52000,13189167,13273946,13301085,13099802,66,62,69,59,30.041522099636495
repeat_1903_U,207750,206750,100000,7750,DC,10.0,True,-573.4318237304688,11.515369415283203,0.44649478793144226,0.11250214278697968,2.3933653831481934,2.4586668014526367,0.046875,52000,51750,52000,52000,13205448,13289528,13317076,13115948,69,70,50,67,32.16461129952222
repeat_1903_U,208000,207000,100000,8000,DC,10.0,True,-522.362060546875,30.15332794189453,-0.49965453147888184,0.11300384998321533,3.2636470794677734,3.5193686485290527,0.0859375,52000,52000,52000,52000,13221526,13305403,13333108,13131963,76,65,65,50,34.302242799662054
repeat_1903_U,208250,207250,100000,8250,DC,10.0,True,-527.18505859375,25.01837158203125,-1.4335240125656128,0.11253806948661804,2.919318914413452,3.1693520545959473,0.04296875,52000,52250,52000,52000,13237479,13321513,13349037,13147971,66,62,63,65,2.4136454993858933
repeat_1903_U,208500,207500,100000,8500,DC,10.0,True,-538.4318237304688,32.16322326660156,0.19046932458877563,0.11272084712982178,2.9791975021362305,3.228205680847168,0.05859375,52000,52500,52000,52000,13253594,13337864,13364984,13163558,69,68,63,56,4.7298537995666265
repeat_1903_U,208750,207750,100000,8750,DO,1.7627646394112046,False,-563.8447265625,17.430458068847656,0.5928720235824585,0.11031495034694672,2.8104043006896973,2.8396363258361816,0.078125,52250,52500,52000,52000,13269553,13354225,13381144,13179078,66,78,60,52,7.241851800121367
repeat_1903_U,209000,208000,100000,9000,DO,1.8469044337457423,False,-539.9866943359375,18.1375732421875,-0.8785632848739624,0.10895200073719025,3.6956372261047363,2.5339808464050293,0.08203125,52500,52500,52000,52000,13285636,13370625,13397093,13194646,66,63,61,66,9.560570899397135
repeat_1903_U,209250,208250,100000,9250,WO,0.34033017853889286,False,-545.1857299804688,22.23719024658203,0.4791817367076874,0.11001083254814148,3.0426669120788574,2.994279146194458,0.09375,52500,52500,52250,52000,13301968,13386914,13412953,13210165,60,70,65,61,11.660641400143504
repeat_1903_U,209500,208500,100000,9500,WO,0.3487780050183894,False,-526.9219970703125,37.5255241394043,-0.4383898377418518,0.11012309789657593,3.162693977355957,2.970189094543457,0.0625,52500,52500,52500,52000,13318253,13402926,13429129,13225692,63,59,66,68,13.682425299659371
repeat_1903_U,209750,208750,100000,9750,DO,1.874681245398759,False,-529.2396850585938,14.837985038757324,0.4357191026210785,0.11001250147819519,2.4710006713867188,2.735182285308838,0.0859375,52750,52500,52500,52000,13334664,13418988,13445474,13240874,58,58,70,70,15.715834699571133
repeat_1903_U,210000,209000,100000,10000,DO,1.5795460821097962,False,-530.614501953125,25.826740264892578,0.37461885809898376,0.11131315678358078,3.1701269149780273,2.6933629512786865,0.09375,53000,52500,52500,52000,13351373,13435052,13461535,13256040,72,68,61,55,17.799598399549723
repeat_1903_U,210250,209250,100000,10250,WC,9.229865034534592,True,-561.3321533203125,24.6895809173584,0.7505864500999451,0.11248238384723663,3.1567740440368652,3.5434024333953857,0.0859375,53000,52500,52500,52250,13367894,13451126,13477460,13271520,67,66,59,64,19.9088946999982
repeat_1903_U,210500,209500,100000,10500,WC,9.310313685910765,True,-547.64111328125,28.23563575744629,-0.18042923510074615,0.11218773573637009,2.8334813117980957,3.1701953411102295,0.12109375,53000,52500,52500,52500,13384503,13466907,13493417,13287173,63,68,69,56,22.001453399658203
repeat_1903_U,210750,209750,100000,10750,DC,10.0,True,-576.4356689453125,13.321134567260742,0.7206538319587708,0.11160203814506531,2.3015213012695312,2.6101186275482178,0.12890625,53000,52750,52500,52500,13400814,13482981,13509496,13302709,60,74,56,66,24.14882310014218
repeat_1903_U,211000,210000,100000,11000,DC,10.0,True,-537.5927124023438,19.402807235717773,0.10398322343826294,0.11160556972026825,3.1032800674438477,2.9939589500427246,0.14453125,53000,53000,52500,52500,13417006,13498884,13525618,13318492,71,62,58,65,26.255070299841464
repeat_1903_U,211250,210250,100000,11250,WO,0.16216666818750033,False,-527.4354248046875,16.49165916442871,-0.12870901823043823,0.1127609834074974,2.91454815864563,2.5497732162475586,0.10546875,53000,53000,52750,52500,13433415,13515016,13541511,13334058,63,64,71,58,28.33914989978075
repeat_1903_U,211500,210500,100000,11500,WO,0.17245903167857707,False,-531.54150390625,24.241268157958984,0.5353391170501709,0.11500051617622375,2.85385799407959,2.8519511222839355,0.1640625,53000,53000,53000,52500,13449917,13530988,13557386,13349709,62,62,60,72,30.38896720018238
repeat_1903_U,211750,210750,100000,11750,WC,8.711421254095281,True,-567.3594360351562,16.035608291625977,0.5453661680221558,0.11324694007635117,2.6266024112701416,2.725973129272461,0.15625,53000,53000,53000,52750,13466101,13546958,13573312,13365629,74,66,52,64,32.53067190013826
repeat_1903_U,212000,211000,100000,12000,WC,9.04529666234999,True,-567.490234375,29.966156005859375,-0.9764137268066406,0.11278819292783737,3.0227417945861816,3.4791622161865234,0.16015625,53000,53000,53000,53000,13482218,13562921,13589393,13381468,66,63,57,70,34.67423339933157
repeat_1903_U,212250,211250,100000,12250,DO,1.2343735101799067,False,-484.68524169921875,14.847967147827148,-0.8548794984817505,0.11249208450317383,2.3679628372192383,2.62646746635437,0.125,53250,53000,53000,53000,13498238,13579028,13605363,13397371,59,58,81,58,2.1082828994840384
repeat_1903_U,212500,211500,100000,12500,DO,0.8714850451168368,False,-510.9652404785156,13.980051040649414,-0.32292038202285767,0.11138635128736496,2.448992967605591,2.4331209659576416,0.13671875,53500,53000,53000,53000,13514446,13595025,13621391,13413138,61,69,79,47,4.1684277998283505
repeat_1903_U,212750,211750,100000,12750,DO,3.105507744322611,False,-532.3328247070312,19.253910064697266,1.1133935451507568,0.11161297559738159,2.5443122386932373,2.6526565551757812,0.1484375,53750,53000,53000,53000,13530908,13610890,13637469,13428733,56,68,73,59,6.275228799320757
repeat_1903_U,213000,212000,100000,13000,DO,4.974959998938922,False,-500.1566467285156,14.698232650756836,-0.19786179065704346,0.11206597089767456,2.546926975250244,2.7279694080352783,0.14453125,54000,53000,53000,53000,13547318,13627084,13653412,13444186,66,57,77,56,8.597580299712718
repeat_1903_U,213250,212250,100000,13250,WC,8.89342264018335,False,-578.05419921875,20.56820297241211,0.37724611163139343,0.11226001381874084,2.4760890007019043,2.7047364711761475,0.140625,54000,53000,53000,53250,13563982,13643109,13669206,13459703,76,67,52,61,11.136262899264693
repeat_1903_U,213500,212500,100000,13500,WC,9.136692404530786,False,-558.222412109375,20.250890731811523,0.5096068382263184,0.11319416761398315,2.8756954669952393,2.7740254402160645,0.11328125,54000,53000,53000,53500,13580530,13659026,13685215,13475229,56,65,63,72,13.559067499823868
repeat_1903_U,213750,212750,100000,13750,DC,0.007533135823905468,False,-546.0115356445312,13.189770698547363,0.5942193865776062,0.11527936160564423,2.4514174461364746,2.358720302581787,0.140625,54000,53250,53000,53500,13596961,13675071,13701003,13490965,65,69,66,56,16.102954999543726
repeat_1903_U,214000,213000,100000,14000,DC,0.0005165922339074314,False,-529.05224609375,23.558439254760742,0.6906677484512329,0.11658458411693573,3.1372032165527344,3.0577876567840576,0.10546875,54000,53500,53000,53500,13613477,13690948,13716957,13506618,71,61,62,62,18.527777099981904
repeat_1903_U,214250,213250,100000,14250,WO,0.29219139650094345,False,-541.7257080078125,16.060104370117188,-0.3186529874801636,0.11704467982053757,2.5641698837280273,2.4251508712768555,0.10546875,54000,53500,53250,53500,13629767,13706921,13732871,13522441,72,65,64,55,21.217514999210835
repeat_1903_U,214500,213500,100000,14500,WO,0.26940559144949794,False,-540.4683837890625,37.82952117919922,-0.003523528575897217,0.11898535490036011,3.326477527618408,3.1254000663757324,0.1953125,54000,53500,53500,53500,13646091,13723010,13748782,13538117,68,62,62,64,23.72593849990517
repeat_1903_U,214750,213750,100000,14750,DC,10.0,True,-535.8760375976562,31.666473388671875,0.12544071674346924,0.12054730206727982,3.796891212463379,3.419619083404541,0.15625,54000,53750,53500,53500,13662319,13739091,13764876,13553714,61,62,66,67,26.35832139942795
repeat_1903_U,215000,214000,100000,15000,DC,10.0,True,-495.2069091796875,12.385824203491211,-1.6352170705795288,0.12016645073890686,2.4995291233062744,2.4756076335906982,0.16015625,54000,54000,53500,53500,13678573,13755251,13780774,13569402,67,53,78,58,29.100136599503458
repeat_1903_U,215250,214250,100000,15250,WO,0.4782903626975246,False,-574.2138061523438,18.205408096313477,-0.5713412165641785,0.11841467767953873,3.0609328746795654,3.128725528717041,0.13671875,54000,54000,53750,53500,13694634,13771526,13796782,13585058,63,73,59,61,31.481358199380338
repeat_1903_U,215500,214500,100000,15500,WO,0.5032789053787223,False,-505.095703125,35.586151123046875,0.6731584668159485,0.11789342761039734,3.256920337677002,2.7141871452331543,0.12109375,54000,54000,54000,53500,13710609,13787655,13812968,13600768,67,57,70,62,34.14075889997184
repeat_1903_U,215750,214750,100000,15750,WC,7.910353431730101,True,-547.7611694335938,72.33242797851562,-0.5255869626998901,0.11640296876430511,3.3641157150268555,3.241248846054077,0.1484375,54000,54000,54000,53750,13726681,13803624,13829258,13616437,60,59,63,74,36.824509599246085
repeat_1903_U,216000,215000,100000,16000,WC,7.246995962215998,True,-562.9871826171875,27.94559097290039,-0.10874657332897186,0.1151803508400917,3.2451629638671875,2.795196294784546,0.1640625,54000,54000,54000,54000,13742812,13819573,13845353,13632262,65,67,59,65,39.23845929931849
repeat_1903_U,216250,215250,100000,16250,DC,10.0,True,-558.0413818359375,23.081918716430664,0.4590931534767151,0.11631056666374207,3.008512496948242,2.821354866027832,0.171875,54000,54250,54000,54000,13758608,13835729,13861408,13648255,62,59,59,76,2.444333099760115
repeat_1903_U,216500,215500,100000,16500,DC,10.0,True,-480.45062255859375,33.91312789916992,0.1681310385465622,0.1183139905333519,3.3355894088745117,3.0650084018707275,0.15234375,54000,54500,54000,54000,13774511,13851660,13877602,13664227,81,48,70,57,4.843876900151372
repeat_1903_U,216750,215750,100000,16750,DO,0.7682832757583619,False,-527.73486328125,21.325883865356445,0.40734824538230896,0.12171895802021027,3.715785026550293,3.1112563610076904,0.1484375,54250,54500,54000,54000,13790731,13867663,13893531,13680075,58,71,76,51,7.112276200205088
repeat_1903_U,217000,216000,100000,17000,DO,0.7612432155954938,False,-561.348388671875,23.19341278076172,-0.16556978225708008,0.12137468159198761,3.1552882194519043,3.4905576705932617,0.1796875,54500,54500,54000,54000,13806993,13883467,13909284,13696256,47,65,66,78,9.29661769978702
repeat_1903_U,217250,216250,100000,17250,DO,0.7795059275095502,False,-516.8455810546875,31.87930679321289,-0.5959091782569885,0.12257830053567886,3.144578456878662,3.0387001037597656,0.1796875,54750,54500,54000,54000,13823174,13899414,13925030,13712382,66,50,66,74,11.539490499533713
repeat_1903_U,217500,216500,100000,17500,DO,0.7842233630125062,False,-608.0499877929688,17.89206314086914,0.471338152885437,0.1216716393828392,2.708652973175049,2.687837600708008,0.16796875,55000,54500,54000,54000,13839413,13915470,13940774,13728343,58,73,46,79,14.17854980006814
repeat_1903_U,217750,216750,100000,17750,WC,1.1292596694563055,False,-603.4734497070312,23.073057174682617,0.21811330318450928,0.12253738939762115,3.789966106414795,2.9614102840423584,0.16796875,55000,54500,54000,54250,13855604,13931616,13956456,13744324,50,71,56,79,16.520454799756408
repeat_1903_U,218000,217000,100000,18000,WC,9.686070463001126,True,-537.7674560546875,20.126066207885742,-0.5769386291503906,0.12166960537433624,2.9758338928222656,2.8822336196899414,0.21484375,55000,54500,54000,54500,13871999,13947592,13971948,13760461,60,56,67,73,19.112888200208545
repeat_1903_U,218250,217250,100000,18250,WO,0.2502404679000978,True,-576.9387817382812,28.455608367919922,0.5521514415740967,0.12287400662899017,2.9224607944488525,2.8310463428497314,0.19140625,55000,54500,54250,54500,13888090,13963709,13987345,13776856,74,66,51,65,21.518548799678683
repeat_1903_U,218500,217500,100000,18500,WO,4.45633603700009,True,-549.1449584960938,21.96578598022461,-0.4805529713630676,0.12092792987823486,3.117265224456787,3.2617597579956055,0.171875,55000,54500,54500,54500,13904676,13979463,14002898,13792963,62,66,69,59,24.058354699984193
repeat_1903_U,218750,217750,100000,18750,DC,10.0,True,-568.7196044921875,18.99871063232422,0.1741100251674652,0.12036576122045517,2.9365909099578857,2.8614306449890137,0.171875,55000,54750,54500,54500,13920943,13995392,14018661,13809004,64,72,64,56,26.491979099810123
repeat_1903_U,219000,218000,100000,19000,DC,10.0,True,-519.0887451171875,20.003456115722656,-0.5637616515159607,0.12119502574205399,2.7773799896240234,2.7546350955963135,0.20703125,55000,55000,54500,54500,13937395,14011611,14034241,13824753,60,64,78,54,28.895639900118113
repeat_1903_U,219250,218250,100000,19250,WO,0.32616858147123395,False,-526.983154296875,26.97946548461914,-1.1610304117202759,0.1193142905831337,2.9906387329101562,2.5809104442596436,0.1953125,55000,55000,54750,54500,13953704,14027766,14049976,13840554,71,63,68,54,31.18087329994887
repeat_1903_U,219500,218500,100000,19500,WO,0.32918495707956746,False,-574.653564453125,15.309514999389648,0.4437532126903534,0.1183532252907753,2.761991024017334,2.856844425201416,0.171875,55000,55000,55000,54500,13970080,14043945,14065947,13856028,72,61,48,75,33.36550569999963
repeat_1903_U,219750,218750,100000,19750,WC,1.2691877809948535,False,-592.8045654296875,25.065013885498047,0.9880601763725281,0.11747826635837555,3.1050148010253906,3.1033577919006348,0.1953125,55000,55000,55000,54750,13986246,14059895,14081864,13871995,56,78,57,65,35.56339180003852
repeat_1903_U,220000,219000,100000,20000,WC,2.940260985824066,False,-536.7402954101562,20.273704528808594,-0.36968815326690674,0.11591311544179916,3.0540881156921387,3.1177115440368652,0.1796875,55000,55000,55000,55000,14002422,14075850,14097855,13887873,65,70,73,48,37.96163550019264
repeat_1903_U,220250,219250,100000,20250,DC,10.0,True,-531.5005493164062,17.121540069580078,-1.0935070514678955,0.1131790354847908,2.7183268070220947,2.3602051734924316,0.18359375,55000,55250,55000,55000,14018519,14091744,14113836,13903901,62,56,70,68,2.8480845000594854
repeat_1903_U,220500,219500,100000,20500,DC,10.0,True,-585.9693603515625,19.94933319091797,0.6758750081062317,0.11583048850297928,3.3987112045288086,2.751279354095459,0.2109375,55000,55500,55000,55000,14034536,14107959,14129798,13919707,59,74,56,67,5.531755500473082
repeat_1903_U,220750,219750,100000,20750,WO,0.4972183096933647,False,-553.034423828125,22.16507339477539,0.8844203948974609,0.11875516921281815,3.107438325881958,2.867541551589966,0.20703125,55000,55500,55250,55000,14050572,14123997,14145575,13935856,62,62,64,68,8.282528700307012
repeat_1903_U,221000,220000,100000,21000,WO,0.4985467919241422,False,-548.4141845703125,17.43972396850586,-1.1233566999435425,0.11827802658081055,2.787667989730835,2.404571056365967,0.1953125,55000,55500,55500,55000,14066648,14139743,14161784,13951825,60,67,69,60,11.057632100768387
repeat_1903_U,221250,220250,100000,21250,DC,10.0,True,-547.9852294921875,20.06180191040039,-0.708979606628418,0.11532950401306152,2.878065586090088,2.874236583709717,0.2109375,55000,55750,55500,55000,14082533,14155993,14177656,13967818,68,61,66,61,13.855698600411415
repeat_1903_U,221500,220500,100000,21500,DC,10.0,True,-544.891357421875,20.193248748779297,-0.006766021251678467,0.1128210574388504,2.937347888946533,2.7274527549743652,0.1953125,55000,56000,55500,55000,14098203,14172437,14193520,13983840,66,63,65,62,16.280414700508118
repeat_1903_U,221750,220750,100000,21750,WO,0.26850726845903616,False,-574.2730712890625,159.9730987548828,-0.07501377165317535,0.11286496371030807,3.5914082527160645,3.8762192726135254,0.23828125,55000,56000,55750,55000,14114131,14188748,14209450,13999671,53,63,64,76,18.326253700070083
repeat_1903_U,222000,221000,100000,22000,WO,0.256443528633318,False,-598.6567993164062,23.394567489624023,0.0535908117890358,0.11045707017183304,2.9149832725524902,3.208662509918213,0.203125,55000,56000,56000,55000,14129973,14205103,14225384,14015540,59,75,50,72,20.331955200061202
repeat_1903_U,222250,221250,100000,22250,WC,3.343883386400559,False,-539.9539794921875,24.52560806274414,-0.8161976337432861,0.10858199745416641,3.140023708343506,4.020915508270264,0.234375,55000,56000,56000,55250,14145616,14221412,14241405,14031567,71,54,63,68,22.608330700546503
repeat_1903_U,222500,221500,100000,22500,WC,3.43447992856328,False,-525.8555297851562,15.654183387756348,-1.281650185585022,0.10911738127470016,2.704526424407959,2.4692039489746094,0.25390625,55000,56000,56000,55500,14161389,14237436,14257402,14047773,68,55,68,65,25.29076880030334
repeat_1903_U,222750,221750,100000,22750,DO,1.8376578475688738,False,-594.9287719726562,14.27256965637207,-0.3790646195411682,0.10892584174871445,2.6971523761749268,2.3927807807922363,0.23828125,55250,56000,56000,55500,14177323,14253426,14273198,14064053,60,76,58,62,27.983561800792813
repeat_1903_U,223000,222000,100000,23000,DO,0.8960458960807417,False,-545.1246337890625,24.177396774291992,0.5264215469360352,0.11138042062520981,3.1478993892669678,3.3876848220825195,0.20703125,55500,56000,56000,55500,14193160,14269515,14289148,14080177,60,65,72,59,30.679399500600994
repeat_1903_U,223250,222250,100000,23250,DO,4.982399591862724,False,-576.712646484375,17.58279037475586,-0.44491252303123474,0.1119644045829773,3.046398639678955,2.754392147064209,0.20703125,55750,56000,56000,55500,14209262,14285643,14304981,14096114,72,69,59,56,33.46902640070766
repeat_1903_U,223500,222500,100000,23500,DO,4.356385333457309,False,-571.966552734375,17.231849670410156,0.3884328603744507,0.1122811809182167,2.671527147293091,2.952899932861328,0.20703125,56000,56000,56000,55500,14225601,14301493,14321137,14111769,67,66,61,62,36.22024790011346
repeat_1903_U,223750,222750,100000,23750,WC,9.009892231992271,True,-546.1519775390625,21.74683952331543,0.3595883846282959,0.11463908106088638,2.802643299102783,3.1107776165008545,0.234375,56000,56000,56000,55750,14241686,14317539,14337186,14127589,62,62,68,64,38.89526170026511
repeat_1903_U,224000,223000,100000,24000,WC,9.394013269119752,True,-546.175537109375,13.498722076416016,0.09361669421195984,0.11500213295221329,2.577238082885742,2.5098676681518555,0.25390625,56000,56000,56000,56000,14257742,14333554,14353394,14143310,77,64,64,51,41.55491790082306
repeat_1903_U,224250,223250,100000,24250,WC,8.109919210097017,True,-522.5750732421875,16.575618743896484,-0.5160192251205444,0.11490653455257416,2.524261951446533,2.620161294937134,0.2109375,56000,56000,56000,56250,14273758,14349356,14369421,14159465,56,59,79,62,2.707341399975121
repeat_1903_U,224500,223500,100000,24500,WC,7.813470033167298,True,-555.151611328125,26.682228088378906,0.43153518438339233,0.1161317527294159,2.9267497062683105,2.762251377105713,0.20703125,56000,56000,56000,56500,14289574,14364937,14385656,14175833,67,51,59,79,5.384648900479078
repeat_1903_U,224750,223750,100000,24750,WC,0.9617274362579158,False,-577.3387451171875,21.570148468017578,0.18089565634727478,0.11981848627328873,2.936631679534912,3.00026798248291,0.27734375,56000,56000,56000,56750,14305613,14380601,14401542,14192244,65,58,58,75,8.122123500332236
repeat_1903_U,225000,224000,100000,25000,WC,9.18608962771938,True,-550.4810791015625,21.860584259033203,0.6812909841537476,0.12323231250047684,3.007106065750122,3.276089906692505,0.27734375,56000,56000,56000,57000,14321522,14396234,14417498,14208746,72,57,59,68,10.776266200467944
repeat_1903_U,225250,224250,100000,25250,DO,4.347097965952347,False,-558.1397705078125,22.037092208862305,0.016930192708969116,0.1213800385594368,3.4840805530548096,3.0813851356506348,0.2890625,56250,56000,56000,57000,14337543,14411836,14433378,14225243,69,66,63,58,13.45084169972688
repeat_1903_U,225500,224500,100000,25500,DO,5.27436391982218,False,-564.9405517578125,16.237777709960938,-0.8163747787475586,0.12150303274393082,2.6980297565460205,2.736639976501465,0.28515625,56500,56000,56000,57000,14353934,14427295,14449308,14241463,68,64,61,63,16.078713200055063
repeat_1903_U,225750,224750,100000,25750,DO,5.384063820793024,False,-557.0316162109375,14.094587326049805,0.8506771922111511,0.11996154487133026,2.507984161376953,2.4579708576202393,0.26171875,56750,56000,56000,57000,14370184,14442856,14465278,14257682,59,57,68,72,18.701173200272024
repeat_1903_U,226000,225000,100000,26000,DO,4.689359274226304,False,-589.9427490234375,28.31668472290039,-0.47607332468032837,0.11821666359901428,3.5053203105926514,3.3897111415863037,0.2734375,57000,56000,56000,57000,14386428,14458151,14481346,14274075,57,73,62,64,21.329594699665904
repeat_1903_U,226250,225250,100000,26250,WO,0.3168416576754175,False,-530.8689575195312,20.070594787597656,-0.4859052896499634,0.11815912276506424,2.8946428298950195,2.7334108352661133,0.22265625,57000,56000,56250,57000,14402607,14473493,14497554,14290346,62,60,75,59,24.029609099961817
repeat_1903_U,226500,225500,100000,26500,WO,0.3100707357728344,False,-524.209716796875,19.78285789489746,-0.6739358901977539,0.11909447610378265,2.826432704925537,2.9434638023376465,0.2734375,57000,56000,56500,57000,14418928,14488762,14513723,14306587,76,52,69,59,26.682272699661553
repeat_1903_U,226750,225750,100000,26750,DC,1.2727018561635366e-33,False,-576.2467041015625,32.57262420654297,-0.23930828273296356,0.12045963853597641,3.2152600288391113,2.9584336280822754,0.23046875,57000,56250,56500,57000,14435201,14504221,14530022,14322556,69,63,59,65,29.343081899918616
repeat_1903_U,227000,226000,100000,27000,DC,0.0,False,-562.4246215820312,24.418651580810547,1.1104739904403687,0.12234493345022202,3.186741828918457,2.893606662750244,0.265625,57000,56500,56500,57000,14451772,14519586,14546049,14338593,59,70,70,57,31.933392399922013
repeat_1903_U,227250,226250,100000,27250,DC,0.0,False,-607.1956176757812,18.81598663330078,-0.022019609808921814,0.12630321085453033,3.1612935066223145,2.6674184799194336,0.2421875,57000,56750,56500,57000,14467994,14535400,14562044,14354562,67,76,56,57,34.562189100310206
repeat_1903_U,227500,226500,100000,27500,DC,7.603840009435234e-21,False,-530.479736328125,15.502498626708984,-0.4032788872718811,0.12935911118984222,2.9780025482177734,2.64739990234375,0.23046875,57000,57000,56500,57000,14484124,14551297,14577968,14370611,84,53,64,55,37.2207816997543
repeat_1903_U,227750,226750,100000,27750,WO,0.5176918220546639,False,-561.4639892578125,19.44876480102539,-0.24907942116260529,0.13009387254714966,2.830414295196533,2.638878345489502,0.3046875,57000,57000,56750,57000,14500037,14567127,14594039,14386797,78,56,55,67,39.980552500113845
repeat_1903_U,228000,227000,100000,28000,WO,0.5179063445697819,False,-534.7374267578125,51.60803985595703,0.8784155249595642,0.13169631361961365,3.4454128742218018,2.9017019271850586,0.30859375,57000,57000,57000,57000,14516105,14583146,14610085,14402664,69,54,67,66,42.0233271997422
repeat_1903_U,228250,227250,100000,28250,WO,0.2743595633348107,False,-588.8282470703125,14.4520263671875,-0.3316826820373535,0.13272251188755035,2.5412590503692627,2.5830078125,0.30859375,57000,57000,57250,57000,14532176,14599269,14626090,14418465,60,68,62,66,2.0245453994721174
repeat_1903_U,228500,227500,100000,28500,WO,0.33327744189624814,False,-594.471435546875,47.05376434326172,-0.20876914262771606,0.13347510993480682,3.130549669265747,3.2587194442749023,0.2265625,57000,57000,57500,57000,14548147,14615308,14642203,14434342,67,65,53,71,4.0457750000059605
repeat_1903_U,228750,227750,100000,28750,WC,7.101498316526814,False,-606.0198974609375,20.921165466308594,0.5290020108222961,0.131387397646904,2.816044807434082,3.175318479537964,0.3046875,57000,57000,57500,57250,14564262,14631305,14658491,14449942,67,72,53,64,6.034169299528003
repeat_1903_U,229000,228000,100000,29000,WC,7.860208493537789,False,-587.1768798828125,14.185647964477539,-0.28666141629219055,0.12975384294986725,2.654974937438965,2.503234624862671,0.33203125,57000,57000,57500,57500,14580350,14647051,14674587,14466012,55,62,62,77,8.05526699963957
repeat_1903_U,229250,228250,100000,29250,DO,0.7836224472839209,False,-591.855712890625,40.716697692871094,-0.7886620759963989,0.1307348906993866,3.382075309753418,3.0715291500091553,0.26953125,57250,57000,57500,57500,14596204,14662908,14690887,14482001,72,66,56,62,10.058805000036955
repeat_1903_U,229500,228500,100000,29500,DO,0.7847339136310676,False,-573.4874877929688,21.223424911499023,0.0003688931465148926,0.13352547585964203,3.1063194274902344,2.695831298828125,0.2890625,57500,57000,57500,57500,14612376,14678466,14707159,14497999,59,60,64,73,12.06060229986906
repeat_1903_U,229750,228750,100000,29750,WO,0.46592840395289775,False,-507.5030517578125,18.320478439331055,-0.7473772168159485,0.13690131902694702,3.2233829498291016,2.47464919090271,0.29296875,57500,57000,57750,57500,14628245,14694245,14723554,14513956,64,46,82,64,14.082217499613762
repeat_1903_U,230000,229000,100000,30000,WO,0.4638478621050276,False,-530.09423828125,23.819299697875977,-0.8000836968421936,0.13782310485839844,2.771542549133301,3.486802101135254,0.29296875,57500,57000,58000,57500,14644152,14709810,14740030,14530008,68,57,74,57,16.118270199745893
repeat_1903_U,230250,229250,100000,30250,DC,10.0,True,-590.5621337890625,15.409807205200195,-0.7016295194625854,0.13572973012924194,2.618638038635254,2.7283926010131836,0.27734375,57500,57250,58000,57500,14660089,14725546,14756335,14546030,60,63,62,71,18.134597099386156
repeat_1903_U,230500,229500,100000,30500,DC,10.0,True,-573.2938842773438,228.3815460205078,0.02144823968410492,0.13597655296325684,3.781881809234619,3.6058831214904785,0.30078125,57500,57500,58000,57500,14675720,14741505,14772782,14561993,51,58,69,78,20.15942129958421
repeat_1903_U,230750,229750,100000,30750,WC,9.059998200717677,True,-575.6698608398438,78.36773681640625,0.8084388971328735,0.1355516016483307,3.607295036315918,3.79846453666687,0.26953125,57500,57500,58000,57750,14691311,14757591,14789043,14578055,67,63,60,66,22.183939299546182
repeat_1903_U,231000,230000,100000,31000,WC,8.812847277587721,True,-554.6864013671875,14.339197158813477,-0.36558252573013306,0.13245737552642822,2.5648603439331055,2.6312780380249023,0.28125,57500,57500,58000,58000,14707015,14773663,14804928,14594394,69,60,65,62,24.171532299369574
repeat_1903_U,231250,230250,100000,31250,DC,10.0,True,-569.84619140625,30.611862182617188,-0.17109598219394684,0.13044790923595428,2.960299491882324,3.9294841289520264,0.32421875,57500,57750,58000,58000,14722498,14789957,14821078,14610467,65,61,64,66,26.200654699467123
repeat_1903_U,231500,230500,100000,31500,DC,10.0,True,-601.3035888671875,65.83394622802734,-0.5202857255935669,0.12895962595939636,3.0340893268585205,3.21646785736084,0.3125,57500,58000,58000,58000,14738184,14806209,14837159,14626448,65,77,60,54,28.287632099352777
repeat_1903_U,231750,230750,100000,31750,DO,0.7798376046197647,False,-620.105712890625,19.656469345092773,0.6269271373748779,0.12468414008617401,3.601256847381592,2.652003765106201,0.33984375,57750,58000,58000,58000,14753837,14822398,14853089,14642676,53,81,61,61,31.057562799192965
repeat_1903_U,232000,231000,100000,32000,DO,0.7347369673871894,False,-553.012451171875,37.19232940673828,0.06347480416297913,0.12568403780460358,3.278904438018799,3.4089202880859375,0.3203125,58000,58000,58000,58000,14769831,14838536,14869149,14658484,70,68,67,51,33.802255699411035
repeat_1903_U,232250,231250,100000,32250,DC,10.0,True,-572.3685302734375,20.743553161621094,-0.017134472727775574,0.12824833393096924,3.141508102416992,2.9217915534973145,0.3125,58000,58250,58000,58000,14785887,14854565,14885152,14674396,60,63,64,69,2.777947099879384
repeat_1903_U,232500,231500,100000,32500,DC,10.0,True,-580.14404296875,23.676197052001953,-0.300008088350296,0.12886971235275269,2.8920884132385254,3.3113341331481934,0.328125,58000,58500,58000,58000,14801587,14871024,14900967,14690422,55,68,69,64,5.489132099784911
repeat_1903_U,232750,231750,100000,32750,WO,0.43707509134681105,False,-581.705322265625,26.610185623168945,0.27929550409317017,0.1269538402557373,3.047110080718994,3.264280319213867,0.265625,58000,58500,58250,58000,14817229,14887349,14917054,14706368,61,72,68,55,8.22949600033462
repeat_1903_U,233000,232000,100000,33000,WO,0.4358318573836762,False,-549.363525390625,15.4853515625,-0.8521202802658081,0.12777841091156006,2.6781344413757324,2.5440144538879395,0.34375,58000,58500,58500,58000,14832605,14903775,14933306,14722314,65,56,73,62,10.972695800475776
repeat_1903_U,233250,232250,100000,33250,WC,8.655340460294289,True,-558.8904418945312,19.842613220214844,-0.024036943912506104,0.12824463844299316,2.8863368034362793,3.045541286468506,0.34375,58000,58500,58500,58250,14848085,14920012,14949626,14738277,77,60,61,58,13.724917200393975
repeat_1903_U,233500,232500,100000,33500,WC,8.71613139735375,True,-572.73828125,20.680747985839844,-0.191267192363739,0.12989544868469238,2.437997817993164,2.824338912963867,0.359375,58000,58500,58500,58500,14863472,14936091,14965830,14754607,62,57,66,71,16.24624860007316
repeat_1903_U,233750,232750,100000,33750,DC,10.0,True,-566.64501953125,21.999637603759766,-0.13408753275871277,0.12912428379058838,3.0371856689453125,3.1514289379119873,0.30859375,58000,58750,58500,58500,14878690,14952291,14982029,14770990,70,62,67,57,18.85113190021366
repeat_1903_U,234000,233000,100000,34000,DC,10.0,True,-615.979736328125,25.067401885986328,1.2994847297668457,0.12678508460521698,3.149656295776367,3.1130542755126953,0.37890625,58000,59000,58500,58500,14894007,14968465,14998298,14787230,55,78,60,63,21.455488700419664
repeat_1903_U,234250,233250,100000,34250,DO,4.813669181750442,False,-574.9912109375,45.95854187011719,0.535392701625824,0.1278194785118103,3.780910015106201,4.272797584533691,0.421875,58250,59000,58500,58500,14909530,14984742,15014134,14803594,60,61,63,72,24.129809600301087
repeat_1903_U,234500,233500,100000,34500,DO,4.716853160380384,False,-587.63427734375,51.05824661254883,-0.4346824288368225,0.12970426678657532,2.956249713897705,3.242920398712158,0.359375,58500,59000,58500,58500,14925197,15000894,15029817,14820092,69,55,54,78,26.791379500180483
repeat_1903_U,234750,233750,100000,34750,WC,8.748911409569835,True,-578.87060546875,61.734779357910156,-0.3634517192840576,0.1312803328037262,3.131502389907837,3.435616970062256,0.4140625,58500,59000,58500,58750,14941046,15016890,15045662,14836402,59,68,66,63,29.203113799914718
repeat_1903_U,235000,234000,100000,35000,WC,8.899732801436688,True,-612.2901611328125,20.783222198486328,0.8767659664154053,0.13088975846767426,2.9124631881713867,2.7910571098327637,0.36328125,58500,59000,58500,59000,14956711,15032843,15061653,14852793,60,69,57,70,31.693870400078595
repeat_1903_U,235250,234250,100000,35250,DO,5.316584693286948,False,-577.006103515625,41.06421661376953,-0.10031761229038239,0.13074891269207,3.321294069290161,3.2336277961730957,0.328125,58750,59000,58500,59000,14972554,15048831,15077419,14869196,56,62,67,71,34.2127013001591
repeat_1903_U,235500,234500,100000,35500,DO,0.7810745348248166,False,-613.1626586914062,23.622974395751953,0.8720059394836426,0.12890352308750153,3.162184000015259,3.1562957763671875,0.3515625,59000,59000,58500,59000,14988539,15064785,15093311,14885365,68,72,51,65,36.67001030035317
repeat_1903_U,235750,234750,100000,35750,WO,0.4284258156960618,False,-590.3973388671875,20.026689529418945,0.5066431760787964,0.12941958010196686,2.6968250274658203,3.0001728534698486,0.359375,59000,59000,58750,59000,15004534,15080826,15109178,14901462,57,69,67,63,39.059098600409925
repeat_1903_U,236000,235000,100000,36000,WO,0.42552139048901266,False,-558.1277465820312,30.631113052368164,1.0146372318267822,0.1287245899438858,3.5635881423950195,4.204753875732422,0.375,59000,59000,59000,59000,15020758,15096984,15124955,14917303,64,56,67,69,41.70187240000814
repeat_1903_U,236250,235250,100000,36250,WO,0.29999347585560676,False,-553.22216796875,25.16852569580078,-0.6030387282371521,0.1273200958967209,3.1354966163635254,2.8300368785858154,0.3828125,59000,59000,59250,59000,15036815,15112815,15141137,14933233,82,52,60,62,2.3017787002027035
repeat_1903_U,236500,235500,100000,36500,WO,0.37634606770682477,False,-575.6923828125,17.524282455444336,-0.8908301591873169,0.1266104280948639,3.3753063678741455,2.5220704078674316,0.39453125,59000,59000,59500,59000,15052717,15128947,15157362,14948974,66,62,66,62,4.816043799743056
repeat_1903_U,236750,235750,100000,36750,DO,2.3497716061817244,False,-578.20068359375,25.000446319580078,0.4390510320663452,0.12432524561882019,3.9166359901428223,2.859976053237915,0.36328125,59250,59000,59500,59000,15068795,15144818,15173593,14964794,55,74,73,54,7.109549599699676
repeat_1903_U,237000,236000,100000,37000,DO,0.733880501676272,False,-552.0283203125,31.65399742126465,0.32712507247924805,0.12356570363044739,4.035123825073242,3.374173164367676,0.39453125,59500,59000,59500,59000,15085087,15160391,15189997,14980525,64,51,67,74,9.326990400440991
repeat_1903_U,237250,236250,100000,37250,DC,10.0,True,-568.5626831054688,23.805564880371094,-0.23620393872261047,0.11979509890079498,2.7384750843048096,3.1426377296447754,0.33203125,59500,59250,59500,59000,15101372,15175860,15206226,14996542,62,61,66,67,11.92506210040301
repeat_1903_U,237500,236500,100000,37500,DC,10.0,True,-550.5009765625,17.994760513305664,-0.29316872358322144,0.11994802206754684,2.595017910003662,2.4760570526123047,0.37890625,59500,59500,59500,59000,15117535,15191714,15222469,15012282,57,61,78,60,14.29893510043621
repeat_1903_U,237750,236750,100000,37750,DC,10.0,True,-577.564208984375,59.8925895690918,0.44438427686691284,0.11837310343980789,3.318277359008789,3.1507511138916016,0.34765625,59500,59750,59500,59000,15133312,15207725,15238912,15028051,64,70,66,56,16.755129899829626
repeat_1903_U,238000,237000,100000,38000,DC,10.0,True,-602.00244140625,19.49439239501953,-0.647148072719574,0.12023251503705978,2.802018642425537,2.6796460151672363,0.37109375,59500,60000,59500,59000,15149176,15223966,15255105,15043753,58,70,63,65,19.224762899801135
repeat_1903_U,238250,237250,100000,38250,WC,9.253294534591728,True,-576.681884765625,12.167085647583008,-0.454585462808609,0.11877886950969696,2.1901865005493164,2.821774482727051,0.3671875,59500,60000,59500,59250,15165179,15240181,15271057,15059583,66,56,64,70,21.722511500120163
repeat_1903_U,238500,237500,100000,38500,WC,9.23835166282113,True,-583.8004150390625,19.739437103271484,0.9896025061607361,0.12083328515291214,2.7581841945648193,3.249147891998291,0.33984375,59500,60000,59500,59500,15180943,15256632,15287104,15075321,70,63,61,62,24.046271299943328
repeat_1903_U,238750,237750,100000,38750,WO,0.48632972003656993,False,-583.510986328125,23.451576232910156,-0.11136826872825623,0.12058242410421371,3.2916042804718018,2.9898173809051514,0.3828125,59500,60000,59750,59500,15196600,15272934,15303161,15091305,70,57,61,68,26.49238310009241
repeat_1903_U,239000,238000,100000,39000,WO,0.48642064846964933,False,-575.8756103515625,112.4892349243164,-0.42881542444229126,0.1181517094373703,3.5054259300231934,3.5041050910949707,0.34765625,59500,60000,60000,59500,15212328,15289125,15319260,15107287,58,65,74,59,28.74621480051428
repeat_1903_U,239250,238250,100000,39250,DO,0.7366471567409473,False,-568.543701171875,24.090312957763672,-0.5816153287887573,0.11827614158391953,3.3622004985809326,2.810520648956299,0.4296875,59750,60000,60000,59500,15228155,15305008,15335550,15123287,56,69,77,54,31.115564200095832
repeat_1903_U,239500,238500,100000,39500,DO,0.8049810854889989,False,-546.5256958007812,17.046113967895508,0.13972412049770355,0.11706525087356567,2.7073206901550293,2.6290621757507324,0.36328125,60000,60000,60000,59500,15243910,15321082,15351871,15139137,59,58,75,64,33.499650300480425
repeat_1903_U,239750,238750,100000,39750,WC,9.45858090675224,True,-577.33740234375,36.109920501708984,-0.934474766254425,0.11606717109680176,3.0635061264038086,3.1776866912841797,0.421875,60000,60000,60000,59750,15259855,15336960,15368138,15155047,63,60,64,69,36.063127500005066
repeat_1903_U,240000,239000,100000,40000,WC,9.41575456255263,True,-590.4171142578125,17.29379653930664,0.30853793025016785,0.11659114062786102,3.078702926635742,2.68717360496521,0.359375,60000,60000,60000,60000,15275830,15352775,15384227,15171168,69,57,60,70,38.28181810025126
