suite,original_seed,allocation,macro_success_pct,gain_pp,extra_gain_vs_U_pp
A,11,U,52.5,0.0,0.0
A,11,F_DO,52.5,0.0,0.0
A,11,F_DC,56.49999999999999,3.9999999999999925,3.9999999999999925
A,11,F_WO,52.5,0.0,0.0
A,11,F_WC,52.5,0.0,0.0
A,12,U,52.5,0.0,0.0
A,12,F_DO,52.5,0.0,0.0
A,12,F_DC,54.50000000000001,2.0000000000000018,2.0000000000000018
A,12,F_WO,52.5,0.0,0.0
A,12,F_WC,52.5,0.0,0.0
A,13,U,52.5,0.0,0.0
A,13,F_DO,52.5,0.0,0.0
A,13,F_DC,51.5,-1.0000000000000009,-1.0000000000000009
A,13,F_WO,52.5,0.0,0.0
A,13,F_WC,52.5,0.0,0.0
B,11,U,52.5,0.0,0.0
B,11,F_DO,52.5,0.0,0.0
B,11,F_DC,56.49999999999999,3.9999999999999925,3.9999999999999925
B,11,F_PU,52.5,0.0,0.0
B,11,F_BP,52.5,0.0,0.0
B,12,U,52.5,0.0,0.0
B,12,F_DO,52.5,0.0,0.0
B,12,F_DC,54.50000000000001,2.0000000000000018,2.0000000000000018
B,12,F_PU,52.5,0.0,0.0
B,12,F_BP,52.5,0.0,0.0
B,13,U,52.5,0.0,0.0
B,13,F_DO,52.5,0.0,0.0
B,13,F_DC,51.5,-1.0000000000000009,-1.0000000000000009
B,13,F_PU,52.5,0.0,0.0
B,13,F_BP,52.5,0.0,0.0
C,11,U,52.5,0.0,0.0
C,11,F_DO,52.5,0.0,0.0
C,11,F_PP,56.49999999999999,3.9999999999999925,3.9999999999999925
C,11,F_PU,52.5,0.0,0.0
C,11,F_BP,52.5,0.0,0.0
C,12,U,52.5,0.0,0.0
C,12,F_DO,52.5,0.0,0.0
C,12,F_PP,54.50000000000001,2.0000000000000018,2.0000000000000018
C,12,F_PU,52.5,0.0,0.0
C,12,F_BP,52.5,0.0,0.0
C,13,U,52.5,0.0,0.0
C,13,F_DO,52.5,0.0,0.0
C,13,F_PP,51.5,-1.0000000000000009,-1.0000000000000009
C,13,F_PU,52.5,0.0,0.0
C,13,F_BP,52.5,0.0,0.0
