suite,horizon,rule,original_seed,extra_gain_vs_U_pp,regret_to_cross_repeat_pp
B,20000,Uniform,11,0.0,3.9999999999999925
B,20000,Failure,11,0.0,3.9999999999999925
B,20000,Progress,11,0.0,3.9999999999999925
B,20000,LOSO_global_fixed,11,3.9999999999999925,0.0
B,20000,LOSO_time_fixed,11,3.9999999999999925,0.0
B,20000,cross_repeat_diagnostic,11,3.9999999999999925,0.0
B,20000,Fixed_DC,11,3.9999999999999925,0.0
B,40000,Uniform,11,0.0,3.9999999999999925
B,40000,Failure,11,0.0,3.9999999999999925
B,40000,Progress,11,0.0,3.9999999999999925
B,40000,LOSO_global_fixed,11,3.9999999999999925,0.0
B,40000,LOSO_time_fixed,11,3.9999999999999925,0.0
B,40000,cross_repeat_diagnostic,11,3.9999999999999925,0.0
B,40000,Fixed_DC,11,3.9999999999999925,0.0
B,20000,Uniform,12,0.0,2.0000000000000018
B,20000,Failure,12,0.0,2.0000000000000018
B,20000,Progress,12,0.0,2.0000000000000018
B,20000,LOSO_global_fixed,12,2.0000000000000018,0.0
B,20000,LOSO_time_fixed,12,2.0000000000000018,0.0
B,20000,cross_repeat_diagnostic,12,2.0000000000000018,0.0
B,20000,Fixed_DC,12,2.0000000000000018,0.0
B,40000,Uniform,12,0.0,2.0000000000000018
B,40000,Failure,12,0.0,2.0000000000000018
B,40000,Progress,12,0.0,2.0000000000000018
B,40000,LOSO_global_fixed,12,2.0000000000000018,0.0
B,40000,LOSO_time_fixed,12,2.0000000000000018,0.0
B,40000,cross_repeat_diagnostic,12,2.0000000000000018,0.0
B,40000,Fixed_DC,12,2.0000000000000018,0.0
B,20000,Uniform,13,0.0,0.0
B,20000,Failure,13,0.0,0.0
B,20000,Progress,13,0.0,0.0
B,20000,LOSO_global_fixed,13,-1.0000000000000009,1.0000000000000009
B,20000,LOSO_time_fixed,13,-1.0000000000000009,1.0000000000000009
B,20000,cross_repeat_diagnostic,13,0.0,0.0
B,20000,Fixed_DC,13,-1.0000000000000009,1.0000000000000009
B,40000,Uniform,13,0.0,0.0
B,40000,Failure,13,0.0,0.0
B,40000,Progress,13,0.0,0.0
B,40000,LOSO_global_fixed,13,-1.0000000000000009,1.0000000000000009
B,40000,LOSO_time_fixed,13,-1.0000000000000009,1.0000000000000009
B,40000,cross_repeat_diagnostic,13,0.0,0.0
B,40000,Fixed_DC,13,-1.0000000000000009,1.0000000000000009
C,20000,Uniform,11,0.0,3.9999999999999925
C,20000,Failure,11,0.0,3.9999999999999925
C,20000,Progress,11,0.0,3.9999999999999925
C,20000,LOSO_global_fixed,11,3.9999999999999925,0.0
C,20000,LOSO_time_fixed,11,3.9999999999999925,0.0
C,20000,cross_repeat_diagnostic,11,3.9999999999999925,0.0
C,40000,Uniform,11,0.0,3.9999999999999925
C,40000,Failure,11,0.0,3.9999999999999925
C,40000,Progress,11,0.0,3.9999999999999925
C,40000,LOSO_global_fixed,11,3.9999999999999925,0.0
C,40000,LOSO_time_fixed,11,3.9999999999999925,0.0
C,40000,cross_repeat_diagnostic,11,3.9999999999999925,0.0
C,20000,Uniform,12,0.0,2.0000000000000018
C,20000,Failure,12,0.0,2.0000000000000018
C,20000,Progress,12,0.0,2.0000000000000018
C,20000,LOSO_global_fixed,12,2.0000000000000018,0.0
C,20000,LOSO_time_fixed,12,2.0000000000000018,0.0
C,20000,cross_repeat_diagnostic,12,2.0000000000000018,0.0
C,40000,Uniform,12,0.0,2.0000000000000018
C,40000,Failure,12,0.0,2.0000000000000018
C,40000,Progress,12,0.0,2.0000000000000018
C,40000,LOSO_global_fixed,12,2.0000000000000018,0.0
C,40000,LOSO_time_fixed,12,2.0000000000000018,0.0
C,40000,cross_repeat_diagnostic,12,2.0000000000000018,0.0
C,20000,Uniform,13,0.0,0.0
C,20000,Failure,13,0.0,0.0
C,20000,Progress,13,0.0,0.0
C,20000,LOSO_global_fixed,13,-1.0000000000000009,1.0000000000000009
C,20000,LOSO_time_fixed,13,-1.0000000000000009,1.0000000000000009
C,20000,cross_repeat_diagnostic,13,0.0,0.0
C,40000,Uniform,13,0.0,0.0
C,40000,Failure,13,0.0,0.0
C,40000,Progress,13,0.0,0.0
C,40000,LOSO_global_fixed,13,-1.0000000000000009,1.0000000000000009
C,40000,LOSO_time_fixed,13,-1.0000000000000009,1.0000000000000009
C,40000,cross_repeat_diagnostic,13,0.0,0.0
