stage,passed,seconds,environment_creations,resets,environment_steps,train_iterations,evaluation_episodes
unit_contracts,True,0.03946259990334511,0,0,0,0,0
environment_inputs_and_reset,True,0.4225403005257249,12,12,128,0,0
actual_allocation_and_termination,True,5.275881300680339,40,40,20000,0,0
evaluation_banks,True,7.928258700296283,288,288,0,0,0
shared_sac_training,True,24.865613999776542,8,8,4000,3000,0
complete_checkpoint,True,0.08508200012147427,0,0,0,0,0
evaluation_isolation,True,7.208132199943066,20,20,8334,0,20
continuous_vs_restored_training,True,17.875469799153507,4,4,2000,2000,0
stock_sac_equivalence,True,0.1253108996897936,0,0,0,2,0
branch_initialization_and_no_warmup,True,5.141558500006795,2,2,501,501,0
