task,episode_index,initial_state_hash,success
DO,0,A_DO_0,1
DO,1,A_DO_1,1
DO,2,A_DO_2,1
DO,3,A_DO_3,1
DO,4,A_DO_4,1
DO,5,A_DO_5,1
DO,6,A_DO_6,1
DO,7,A_DO_7,1
DO,8,A_DO_8,1
DO,9,A_DO_9,1
DO,10,A_DO_10,1
DO,11,A_DO_11,1
DO,12,A_DO_12,1
DO,13,A_DO_13,1
DO,14,A_DO_14,1
DO,15,A_DO_15,1
DO,16,A_DO_16,1
DO,17,A_DO_17,1
DO,18,A_DO_18,1
DO,19,A_DO_19,1
DO,20,A_DO_20,1
DO,21,A_DO_21,1
DO,22,A_DO_22,1
DO,23,A_DO_23,1
DO,24,A_DO_24,1
DO,25,A_DO_25,1
DO,26,A_DO_26,0
DO,27,A_DO_27,0
DO,28,A_DO_28,0
DO,29,A_DO_29,0
DO,30,A_DO_30,0
DO,31,A_DO_31,0
DO,32,A_DO_32,0
DO,33,A_DO_33,0
DO,34,A_DO_34,0
DO,35,A_DO_35,0
DO,36,A_DO_36,0
DO,37,A_DO_37,0
DO,38,A_DO_38,0
DO,39,A_DO_39,0
DO,40,A_DO_40,0
DO,41,A_DO_41,0
DO,42,A_DO_42,0
DO,43,A_DO_43,0
DO,44,A_DO_44,0
DO,45,A_DO_45,0
DO,46,A_DO_46,0
DO,47,A_DO_47,0
DO,48,A_DO_48,0
DO,49,A_DO_49,0
DO,50,A_DO_50,0
DO,51,A_DO_51,0
DO,52,A_DO_52,0
DO,53,A_DO_53,0
DO,54,A_DO_54,0
DO,55,A_DO_55,0
DO,56,A_DO_56,0
DO,57,A_DO_57,0
DO,58,A_DO_58,0
DO,59,A_DO_59,0
DO,60,A_DO_60,0
DO,61,A_DO_61,0
DO,62,A_DO_62,0
DO,63,A_DO_63,0
DO,64,A_DO_64,0
DO,65,A_DO_65,0
DO,66,A_DO_66,0
DO,67,A_DO_67,0
DO,68,A_DO_68,0
DO,69,A_DO_69,0
DO,70,A_DO_70,0
DO,71,A_DO_71,0
DO,72,A_DO_72,0
DO,73,A_DO_73,0
DO,74,A_DO_74,0
DO,75,A_DO_75,0
DO,76,A_DO_76,0
DO,77,A_DO_77,0
DO,78,A_DO_78,0
DO,79,A_DO_79,0
DO,80,A_DO_80,0
DO,81,A_DO_81,0
DO,82,A_DO_82,0
DO,83,A_DO_83,0
DO,84,A_DO_84,0
DO,85,A_DO_85,0
DO,86,A_DO_86,0
DO,87,A_DO_87,0
DO,88,A_DO_88,0
DO,89,A_DO_89,0
DO,90,A_DO_90,0
DO,91,A_DO_91,0
DO,92,A_DO_92,0
DO,93,A_DO_93,0
DO,94,A_DO_94,0
DO,95,A_DO_95,0
DO,96,A_DO_96,0
DO,97,A_DO_97,0
DO,98,A_DO_98,0
DO,99,A_DO_99,0
DC,0,A_DC_0,1
DC,1,A_DC_1,1
DC,2,A_DC_2,1
DC,3,A_DC_3,1
DC,4,A_DC_4,1
DC,5,A_DC_5,1
DC,6,A_DC_6,1
DC,7,A_DC_7,1
DC,8,A_DC_8,1
DC,9,A_DC_9,1
DC,10,A_DC_10,1
DC,11,A_DC_11,1
DC,12,A_DC_12,1
DC,13,A_DC_13,1
DC,14,A_DC_14,1
DC,15,A_DC_15,1
DC,16,A_DC_16,1
DC,17,A_DC_17,1
DC,18,A_DC_18,1
DC,19,A_DC_19,1
DC,20,A_DC_20,1
DC,21,A_DC_21,1
DC,22,A_DC_22,1
DC,23,A_DC_23,1
DC,24,A_DC_24,1
DC,25,A_DC_25,1
DC,26,A_DC_26,1
DC,27,A_DC_27,1
DC,28,A_DC_28,1
DC,29,A_DC_29,1
DC,30,A_DC_30,1
DC,31,A_DC_31,1
DC,32,A_DC_32,1
DC,33,A_DC_33,1
DC,34,A_DC_34,1
DC,35,A_DC_35,1
DC,36,A_DC_36,1
DC,37,A_DC_37,1
DC,38,A_DC_38,1
DC,39,A_DC_39,1
DC,40,A_DC_40,1
DC,41,A_DC_41,1
DC,42,A_DC_42,1
DC,43,A_DC_43,1
DC,44,A_DC_44,1
DC,45,A_DC_45,1
DC,46,A_DC_46,1
DC,47,A_DC_47,1
DC,48,A_DC_48,1
DC,49,A_DC_49,1
DC,50,A_DC_50,1
DC,51,A_DC_51,1
DC,52,A_DC_52,1
DC,53,A_DC_53,1
DC,54,A_DC_54,1
DC,55,A_DC_55,1
DC,56,A_DC_56,1
DC,57,A_DC_57,1
DC,58,A_DC_58,1
DC,59,A_DC_59,1
DC,60,A_DC_60,1
DC,61,A_DC_61,1
DC,62,A_DC_62,1
DC,63,A_DC_63,1
DC,64,A_DC_64,1
DC,65,A_DC_65,1
DC,66,A_DC_66,0
DC,67,A_DC_67,0
DC,68,A_DC_68,0
DC,69,A_DC_69,0
DC,70,A_DC_70,0
DC,71,A_DC_71,0
DC,72,A_DC_72,0
DC,73,A_DC_73,0
DC,74,A_DC_74,0
DC,75,A_DC_75,0
DC,76,A_DC_76,0
DC,77,A_DC_77,0
DC,78,A_DC_78,0
DC,79,A_DC_79,0
DC,80,A_DC_80,0
DC,81,A_DC_81,0
DC,82,A_DC_82,0
DC,83,A_DC_83,0
DC,84,A_DC_84,0
DC,85,A_DC_85,0
DC,86,A_DC_86,0
DC,87,A_DC_87,0
DC,88,A_DC_88,0
DC,89,A_DC_89,0
DC,90,A_DC_90,0
DC,91,A_DC_91,0
DC,92,A_DC_92,0
DC,93,A_DC_93,0
DC,94,A_DC_94,0
DC,95,A_DC_95,0
DC,96,A_DC_96,0
DC,97,A_DC_97,0
DC,98,A_DC_98,0
DC,99,A_DC_99,0
WO,0,A_WO_0,1
WO,1,A_WO_1,1
WO,2,A_WO_2,1
WO,3,A_WO_3,1
WO,4,A_WO_4,1
WO,5,A_WO_5,1
WO,6,A_WO_6,1
WO,7,A_WO_7,1
WO,8,A_WO_8,1
WO,9,A_WO_9,1
WO,10,A_WO_10,1
WO,11,A_WO_11,1
WO,12,A_WO_12,1
WO,13,A_WO_13,1
WO,14,A_WO_14,1
WO,15,A_WO_15,1
WO,16,A_WO_16,1
WO,17,A_WO_17,1
WO,18,A_WO_18,1
WO,19,A_WO_19,1
WO,20,A_WO_20,1
WO,21,A_WO_21,1
WO,22,A_WO_22,1
WO,23,A_WO_23,1
WO,24,A_WO_24,1
WO,25,A_WO_25,1
WO,26,A_WO_26,1
WO,27,A_WO_27,1
WO,28,A_WO_28,1
WO,29,A_WO_29,1
WO,30,A_WO_30,1
WO,31,A_WO_31,1
WO,32,A_WO_32,1
WO,33,A_WO_33,1
WO,34,A_WO_34,1
WO,35,A_WO_35,1
WO,36,A_WO_36,1
WO,37,A_WO_37,1
WO,38,A_WO_38,1
WO,39,A_WO_39,1
WO,40,A_WO_40,1
WO,41,A_WO_41,1
WO,42,A_WO_42,1
WO,43,A_WO_43,1
WO,44,A_WO_44,1
WO,45,A_WO_45,1
WO,46,A_WO_46,0
WO,47,A_WO_47,0
WO,48,A_WO_48,0
WO,49,A_WO_49,0
WO,50,A_WO_50,0
WO,51,A_WO_51,0
WO,52,A_WO_52,0
WO,53,A_WO_53,0
WO,54,A_WO_54,0
WO,55,A_WO_55,0
WO,56,A_WO_56,0
WO,57,A_WO_57,0
WO,58,A_WO_58,0
WO,59,A_WO_59,0
WO,60,A_WO_60,0
WO,61,A_WO_61,0
WO,62,A_WO_62,0
WO,63,A_WO_63,0
WO,64,A_WO_64,0
WO,65,A_WO_65,0
WO,66,A_WO_66,0
WO,67,A_WO_67,0
WO,68,A_WO_68,0
WO,69,A_WO_69,0
WO,70,A_WO_70,0
WO,71,A_WO_71,0
WO,72,A_WO_72,0
WO,73,A_WO_73,0
WO,74,A_WO_74,0
WO,75,A_WO_75,0
WO,76,A_WO_76,0
WO,77,A_WO_77,0
WO,78,A_WO_78,0
WO,79,A_WO_79,0
WO,80,A_WO_80,0
WO,81,A_WO_81,0
WO,82,A_WO_82,0
WO,83,A_WO_83,0
WO,84,A_WO_84,0
WO,85,A_WO_85,0
WO,86,A_WO_86,0
WO,87,A_WO_87,0
WO,88,A_WO_88,0
WO,89,A_WO_89,0
WO,90,A_WO_90,0
WO,91,A_WO_91,0
WO,92,A_WO_92,0
WO,93,A_WO_93,0
WO,94,A_WO_94,0
WO,95,A_WO_95,0
WO,96,A_WO_96,0
WO,97,A_WO_97,0
WO,98,A_WO_98,0
WO,99,A_WO_99,0
WC,0,A_WC_0,1
WC,1,A_WC_1,1
WC,2,A_WC_2,1
WC,3,A_WC_3,1
WC,4,A_WC_4,1
WC,5,A_WC_5,1
WC,6,A_WC_6,1
WC,7,A_WC_7,1
WC,8,A_WC_8,1
WC,9,A_WC_9,1
WC,10,A_WC_10,1
WC,11,A_WC_11,1
WC,12,A_WC_12,1
WC,13,A_WC_13,1
WC,14,A_WC_14,1
WC,15,A_WC_15,1
WC,16,A_WC_16,1
WC,17,A_WC_17,1
WC,18,A_WC_18,1
WC,19,A_WC_19,1
WC,20,A_WC_20,1
WC,21,A_WC_21,1
WC,22,A_WC_22,1
WC,23,A_WC_23,1
WC,24,A_WC_24,1
WC,25,A_WC_25,1
WC,26,A_WC_26,1
WC,27,A_WC_27,1
WC,28,A_WC_28,1
WC,29,A_WC_29,1
WC,30,A_WC_30,1
WC,31,A_WC_31,1
WC,32,A_WC_32,1
WC,33,A_WC_33,1
WC,34,A_WC_34,1
WC,35,A_WC_35,1
WC,36,A_WC_36,1
WC,37,A_WC_37,1
WC,38,A_WC_38,1
WC,39,A_WC_39,1
WC,40,A_WC_40,1
WC,41,A_WC_41,1
WC,42,A_WC_42,1
WC,43,A_WC_43,1
WC,44,A_WC_44,1
WC,45,A_WC_45,1
WC,46,A_WC_46,1
WC,47,A_WC_47,1
WC,48,A_WC_48,1
WC,49,A_WC_49,1
WC,50,A_WC_50,1
WC,51,A_WC_51,1
WC,52,A_WC_52,1
WC,53,A_WC_53,1
WC,54,A_WC_54,1
WC,55,A_WC_55,1
WC,56,A_WC_56,1
WC,57,A_WC_57,1
WC,58,A_WC_58,1
WC,59,A_WC_59,1
WC,60,A_WC_60,1
WC,61,A_WC_61,1
WC,62,A_WC_62,1
WC,63,A_WC_63,1
WC,64,A_WC_64,1
WC,65,A_WC_65,1
WC,66,A_WC_66,1
WC,67,A_WC_67,1
WC,68,A_WC_68,1
WC,69,A_WC_69,1
WC,70,A_WC_70,1
WC,71,A_WC_71,1
WC,72,A_WC_72,1
WC,73,A_WC_73,1
WC,74,A_WC_74,1
WC,75,A_WC_75,1
WC,76,A_WC_76,1
WC,77,A_WC_77,1
WC,78,A_WC_78,1
WC,79,A_WC_79,1
WC,80,A_WC_80,1
WC,81,A_WC_81,1
WC,82,A_WC_82,1
WC,83,A_WC_83,1
WC,84,A_WC_84,1
WC,85,A_WC_85,1
WC,86,A_WC_86,1
WC,87,A_WC_87,1
WC,88,A_WC_88,1
WC,89,A_WC_89,1
WC,90,A_WC_90,1
WC,91,A_WC_91,1
WC,92,A_WC_92,1
WC,93,A_WC_93,1
WC,94,A_WC_94,1
WC,95,A_WC_95,1
WC,96,A_WC_96,0
WC,97,A_WC_97,0
WC,98,A_WC_98,0
WC,99,A_WC_99,0
