segment,step,updates,replay_size,replay_pos,task,reward,success,actor_loss,critic_loss,entropy_loss,entropy_coefficient,critic_0_abs_td_error,critic_1_abs_td_error,batch_new_fraction,collected_DO,collected_DC,collected_WO,collected_WC,sampled_DO,sampled_DC,sampled_WO,sampled_WC,last_batch_DO,last_batch_DC,last_batch_WO,last_batch_WC,segment_seconds
uniform_training,250,0,250,250,DC,0.0,False,,,,,,,0.0,0,250,0,0,0,0,0,0,0,0,0,0,0.07219510059803724
uniform_training,500,0,500,500,DC,0.0,False,,,,,,,0.0,0,500,0,0,0,0,0,0,0,0,0,0,0.11382570024579763
uniform_training,750,0,750,750,WO,0.4390629300847214,False,,,,,,,0.0,0,500,250,0,0,0,0,0,0,0,0,0,0.18225640058517456
uniform_training,1000,0,1000,1000,WO,0.5148117055734356,False,,,,,,,0.0,0,500,500,0,0,0,0,0,0,0,0,0,0.2250107005238533
uniform_training,1250,250,1250,1250,WC,0.6667043910872149,False,-7.2073893547058105,0.052432749420404434,-0.501412570476532,0.9277235865592957,0.17516255378723145,0.17251595854759216,0.0,0,500,500,250,0,28451,28685,6864,0,115,90,51,2.7608902007341385
uniform_training,1500,500,1500,1500,WC,0.9093701096398241,False,-9.57593059539795,0.07336652278900146,-1.00570547580719,0.8606634140014648,0.15179365873336792,0.1545645147562027,0.0,0,500,500,500,0,51817,52035,24148,0,85,101,70,4.5792962005361915
uniform_training,1750,750,1750,1750,DO,1.1277120213300926,False,-12.197410583496094,0.07086142152547836,-1.5130195617675781,0.7984416484832764,0.17005053162574768,0.17670446634292603,0.0,250,500,500,500,4754,71462,71683,44101,42,72,66,76,6.391578500159085
uniform_training,2000,1000,2000,2000,DO,0.8230497530758676,False,-14.970287322998047,0.05791992321610451,-2.0181424617767334,0.7407335638999939,0.16063082218170166,0.17773222923278809,0.0,500,500,500,500,17397,88473,88777,61353,72,50,68,66,8.152122100815177
uniform_training,2250,1250,2250,2250,WO,0.5104129233542495,False,-17.274375915527344,0.05983854830265045,-2.528214454650879,0.6871978044509888,0.15505120158195496,0.17310038208961487,0.0,500,500,750,500,32498,103545,107609,76348,70,51,87,48,9.935970799997449
uniform_training,2500,1500,2500,2500,WO,0.4663439033437141,False,-19.464649200439453,0.03377297893166542,-3.0230724811553955,0.6375415325164795,0.12187789380550385,0.14174146950244904,0.0,500,500,1000,500,45844,117157,131192,89807,49,54,98,55,11.677213100716472
uniform_training,2750,1750,2750,2750,DO,0.8037995130037887,False,-21.81656837463379,0.038340985774993896,-3.531397819519043,0.5914720892906189,0.1236957460641861,0.135177344083786,0.0,750,500,1000,500,60851,129367,155652,102130,56,50,96,54,13.481063900515437
uniform_training,3000,2000,3000,3000,DO,0.8959543330597973,False,-23.780040740966797,0.03818989545106888,-4.033814430236816,0.5487342476844788,0.12422904372215271,0.13665926456451416,0.0,1000,500,1000,500,80350,140309,177987,113354,70,44,91,51,15.238542000763118
uniform_training,3250,2250,3250,3250,DC,1.8169013419699984e-15,False,-25.837337493896484,0.031702250242233276,-4.527520179748535,0.509091317653656,0.12375305593013763,0.13316279649734497,0.0,1000,750,1000,500,100791,153150,198439,123620,80,61,71,44,17.05308120045811
uniform_training,3500,2500,3500,3500,DC,0.0,False,-27.600128173828125,0.04057736322283745,-5.049304962158203,0.47231242060661316,0.13421322405338287,0.1367397904396057,0.0,1000,1000,1000,500,119731,169713,217403,133153,83,71,63,39,18.80096730031073
uniform_training,3750,2750,3750,3750,WC,0.8014054203760848,False,-28.845104217529297,0.03342294692993164,-5.561249256134033,0.4381864368915558,0.11869741231203079,0.12053433805704117,0.0,1000,1000,1000,750,137499,187325,235026,144150,62,79,62,53,20.58597190026194
uniform_training,4000,3000,4000,4000,WC,0.7443568547735947,False,-30.89303207397461,0.03002438135445118,-6.072283744812012,0.40651845932006836,0.11543100327253342,0.12319599092006683,0.0,1000,1000,1000,1000,154014,203914,251319,158753,61,58,74,63,22.389841000549495
continuous,4250,3250,4250,4250,DC,0.0,False,-32.145965576171875,0.03934874385595322,-6.591134071350098,0.3771492540836334,0.13862989842891693,0.13514620065689087,0.0,1000,1250,1000,1000,169581,221451,266813,174155,64,76,58,58,1.8894186997786164
continuous,4500,3500,4500,4500,DC,1.0213773250579834,False,-32.881683349609375,0.04285823553800583,-7.078554630279541,0.349907249212265,0.13191738724708557,0.12319225072860718,0.0,1000,1500,1000,1000,184052,241447,281642,188859,53,83,67,53,3.6430412996560335
continuous,4750,3750,4750,4750,DO,1.357410327003745,False,-34.53398895263672,0.027267325669527054,-7.565018653869629,0.3246329724788666,0.1131962463259697,0.11233090609312057,0.0,1250,1500,1000,1000,199418,262279,295492,202811,63,81,48,64,5.462498400360346
continuous,5000,4000,5000,5000,DO,0.797495807434042,False,-38.081207275390625,0.1285073161125183,-8.034975051879883,0.3011888861656189,0.2377842664718628,0.23778101801872253,0.0,1500,1500,1000,1000,217223,282000,308763,216014,90,63,51,52,7.252978299744427
restored,4250,3250,4250,4250,DC,0.0,False,-32.145965576171875,0.03934874385595322,-6.591134071350098,0.3771492540836334,0.13862989842891693,0.13514620065689087,0.0,1000,1250,1000,1000,169581,221451,266813,174155,64,76,58,58,1.9923805007711053
restored,4500,3500,4500,4500,DC,1.0213773250579834,False,-32.881683349609375,0.04285823553800583,-7.078554630279541,0.349907249212265,0.13191738724708557,0.12319225072860718,0.0,1000,1500,1000,1000,184052,241447,281642,188859,53,83,67,53,3.9617467001080513
restored,4750,3750,4750,4750,DO,1.357410327003745,False,-34.53398895263672,0.027267325669527054,-7.565018653869629,0.3246329724788666,0.1131962463259697,0.11233090609312057,0.0,1250,1500,1000,1000,199418,262279,295492,202811,63,81,48,64,5.9840737003833055
restored,5000,4000,5000,5000,DO,0.797495807434042,False,-38.081207275390625,0.1285073161125183,-8.034975051879883,0.3011888861656189,0.2377842664718628,0.23778101801872253,0.0,1500,1500,1000,1000,217223,282000,308763,216014,90,63,51,52,7.960475200787187
focus_branch_validation,4250,3250,4250,4250,DC,10.0,True,-32.72574996948242,2.2663779258728027,-6.565098762512207,0.37720179557800293,0.8576961159706116,0.8452449440956116,0.04296875,1000,1250,1000,1000,169617,221281,266815,174287,66,78,54,58,2.0616046991199255
focus_branch_validation,4500,3500,4500,4500,DC,10.0,True,-35.54982376098633,1.221014380455017,-6.944090366363525,0.3503042459487915,0.6471604108810425,0.6145431399345398,0.078125,1000,1500,1000,1000,184367,241237,281487,188909,66,73,62,55,4.624489599838853
