cohort,candidate,allocation,horizon,macro_pct,gain_pp,delta_pp
replication,U,균등,20000,47.166666666666664,-1.3333333333333333,0.0
replication,U,균등,40000,49.0,0.5,0.0
replication,F_DO,서랍열기 집중,20000,45.333333333333336,-3.1666666666666665,-1.8333333333333333
replication,F_DO,서랍열기 집중,40000,49.333333333333336,0.8333333333333334,0.3333333333333333
replication,F_DC,서랍닫기 집중,20000,46.166666666666664,-2.3333333333333335,-1.0
replication,F_DC,서랍닫기 집중,40000,55.0,6.5,6.0
replication,F_WO,창문열기 집중,20000,40.833333333333336,-7.666666666666667,-6.333333333333333
replication,F_WO,창문열기 집중,40000,55.333333333333336,6.833333333333333,6.333333333333333
replication,F_WC,창문닫기 집중,20000,47.666666666666664,-0.8333333333333334,0.5
replication,F_WC,창문닫기 집중,40000,54.166666666666664,5.666666666666667,5.166666666666667
discovery,U,균등,20000,48.5,0.0,0.0
discovery,U,균등,40000,54.0,5.5,0.0
discovery,F_DO,서랍열기 집중,20000,28.25,-20.25,-20.25
discovery,F_DO,서랍열기 집중,40000,55.25,6.75,1.25
discovery,F_DC,서랍닫기 집중,20000,52.0,3.5,3.5
discovery,F_DC,서랍닫기 집중,40000,56.5,8.0,2.5
discovery,F_WO,창문열기 집중,20000,35.75,-12.75,-12.75
discovery,F_WO,창문열기 집중,40000,53.5,5.0,-0.5
discovery,F_WC,창문닫기 집중,20000,48.25,-0.25,-0.25
discovery,F_WC,창문닫기 집중,40000,56.5,8.0,2.5
combined_descriptive,U,균등,20000,47.7,-0.8,0.0
combined_descriptive,U,균등,40000,51.0,2.5,0.0
combined_descriptive,F_DO,서랍열기 집중,20000,38.5,-10.0,-9.2
combined_descriptive,F_DO,서랍열기 집중,40000,51.7,3.2,0.7
combined_descriptive,F_DC,서랍닫기 집중,20000,48.5,0.0,0.8
combined_descriptive,F_DC,서랍닫기 집중,40000,55.6,7.1,4.6
combined_descriptive,F_WO,창문열기 집중,20000,38.8,-9.7,-8.9
combined_descriptive,F_WO,창문열기 집중,40000,54.6,6.1,3.6
combined_descriptive,F_WC,창문닫기 집중,20000,47.9,-0.6,0.2
combined_descriptive,F_WC,창문닫기 집중,40000,55.1,6.6,4.1
