cohort,candidate,allocation,n,macro_pct,gain_pp,delta_pp,min_delta_pp,max_delta_pp,wins,ties,losses,DO,DC,WO,WC
replication,U,균등,3,49.0,0.5,0.0,0.0,0.0,0,3,0,12.0,100.0,2.0,82.0
replication,F_DO,서랍열기 집중,3,49.333333333333336,0.8333333333333334,0.3333333333333333,-8.0,10.0,1,0,2,12.0,100.0,1.3333333333333333,84.0
replication,F_DC,서랍닫기 집중,3,55.0,6.5,6.0,3.5,8.0,3,0,0,21.333333333333332,100.0,7.333333333333333,91.33333333333333
replication,F_WO,창문열기 집중,3,55.333333333333336,6.833333333333333,6.333333333333333,1.5,15.0,3,0,0,23.333333333333332,100.0,5.333333333333333,92.66666666666667
replication,F_WC,창문닫기 집중,3,54.166666666666664,5.666666666666667,5.166666666666667,-2.0,14.5,2,0,1,14.666666666666666,100.0,2.0,100.0
discovery,U,균등,2,54.0,5.5,0.0,0.0,0.0,0,2,0,18.0,100.0,7.0,91.0
discovery,F_DO,서랍열기 집중,2,55.25,6.75,1.25,-3.5,6.0,1,0,1,17.0,100.0,4.0,100.0
discovery,F_DC,서랍닫기 집중,2,56.5,8.0,2.5,-2.5,7.5,1,0,1,32.0,100.0,3.0,91.0
discovery,F_WO,창문열기 집중,2,53.5,5.0,-0.5,-3.5,2.5,1,0,1,8.0,100.0,6.0,100.0
discovery,F_WC,창문닫기 집중,2,56.5,8.0,2.5,-0.5,5.5,1,0,1,20.0,98.0,8.0,100.0
combined_descriptive,U,균등,5,51.0,2.5,0.0,0.0,0.0,0,5,0,14.4,100.0,4.0,85.6
combined_descriptive,F_DO,서랍열기 집중,5,51.7,3.2,0.7,-8.0,10.0,2,0,3,14.0,100.0,2.4,90.4
combined_descriptive,F_DC,서랍닫기 집중,5,55.6,7.1,4.6,-2.5,8.0,4,0,1,25.6,100.0,5.6,91.2
combined_descriptive,F_WO,창문열기 집중,5,54.6,6.1,3.6,-3.5,15.0,4,0,1,17.2,100.0,5.6,95.6
combined_descriptive,F_WC,창문닫기 집중,5,55.1,6.6,4.1,-2.0,14.5,3,0,2,16.8,99.2,4.4,100.0
