cohort,seed,task,F_DC_only_success,F_DO_only_success,same_outcome,difference_pp
replication,1903,DO,7,1,42,12
replication,1903,DC,0,0,50,0
replication,1903,WO,9,0,41,18
replication,1903,WC,0,0,50,0
replication,1904,DO,4,2,44,4
replication,1904,DC,0,0,50,0
replication,1904,WO,1,1,48,0
replication,1904,WC,0,6,44,-12
replication,1905,DO,6,0,44,12
replication,1905,DC,0,0,50,0
replication,1905,WO,1,1,48,0
replication,1905,WC,17,0,33,34
discovery,1901,DO,13,5,32,16
discovery,1901,DC,0,0,50,0
discovery,1901,WO,1,0,49,2
discovery,1901,WC,0,7,43,-14
discovery,1902,DO,12,5,33,14
discovery,1902,DC,0,0,50,0
discovery,1902,WO,1,3,46,-4
discovery,1902,WC,0,2,48,-4
