cohort,candidate,allocation,task,task_difference_pp,macro_contribution_pp
replication,U,균등,DO,0.0,0.0
replication,U,균등,DC,0.0,0.0
replication,U,균등,WO,0.0,0.0
replication,U,균등,WC,0.0,0.0
replication,F_DO,서랍열기 집중,DO,0.0,0.0
replication,F_DO,서랍열기 집중,DC,0.0,0.0
replication,F_DO,서랍열기 집중,WO,-0.6666666666666666,-0.16666666666666666
replication,F_DO,서랍열기 집중,WC,2.0,0.5
replication,F_DC,서랍닫기 집중,DO,9.333333333333334,2.3333333333333335
replication,F_DC,서랍닫기 집중,DC,0.0,0.0
replication,F_DC,서랍닫기 집중,WO,5.333333333333333,1.3333333333333333
replication,F_DC,서랍닫기 집중,WC,9.333333333333334,2.3333333333333335
replication,F_WO,창문열기 집중,DO,11.333333333333334,2.8333333333333335
replication,F_WO,창문열기 집중,DC,0.0,0.0
replication,F_WO,창문열기 집중,WO,3.3333333333333335,0.8333333333333334
replication,F_WO,창문열기 집중,WC,10.666666666666666,2.6666666666666665
replication,F_WC,창문닫기 집중,DO,2.6666666666666665,0.6666666666666666
replication,F_WC,창문닫기 집중,DC,0.0,0.0
replication,F_WC,창문닫기 집중,WO,0.0,0.0
replication,F_WC,창문닫기 집중,WC,18.0,4.5
discovery,U,균등,DO,0.0,0.0
discovery,U,균등,DC,0.0,0.0
discovery,U,균등,WO,0.0,0.0
discovery,U,균등,WC,0.0,0.0
discovery,F_DO,서랍열기 집중,DO,-1.0,-0.25
discovery,F_DO,서랍열기 집중,DC,0.0,0.0
discovery,F_DO,서랍열기 집중,WO,-3.0,-0.75
discovery,F_DO,서랍열기 집중,WC,9.0,2.25
discovery,F_DC,서랍닫기 집중,DO,14.0,3.5
discovery,F_DC,서랍닫기 집중,DC,0.0,0.0
discovery,F_DC,서랍닫기 집중,WO,-4.0,-1.0
discovery,F_DC,서랍닫기 집중,WC,0.0,0.0
discovery,F_WO,창문열기 집중,DO,-10.0,-2.5
discovery,F_WO,창문열기 집중,DC,0.0,0.0
discovery,F_WO,창문열기 집중,WO,-1.0,-0.25
discovery,F_WO,창문열기 집중,WC,9.0,2.25
discovery,F_WC,창문닫기 집중,DO,2.0,0.5
discovery,F_WC,창문닫기 집중,DC,-2.0,-0.5
discovery,F_WC,창문닫기 집중,WO,1.0,0.25
discovery,F_WC,창문닫기 집중,WC,9.0,2.25
combined_descriptive,U,균등,DO,0.0,0.0
combined_descriptive,U,균등,DC,0.0,0.0
combined_descriptive,U,균등,WO,0.0,0.0
combined_descriptive,U,균등,WC,0.0,0.0
combined_descriptive,F_DO,서랍열기 집중,DO,-0.4,-0.1
combined_descriptive,F_DO,서랍열기 집중,DC,0.0,0.0
combined_descriptive,F_DO,서랍열기 집중,WO,-1.6,-0.4
combined_descriptive,F_DO,서랍열기 집중,WC,4.8,1.2
combined_descriptive,F_DC,서랍닫기 집중,DO,11.2,2.8
combined_descriptive,F_DC,서랍닫기 집중,DC,0.0,0.0
combined_descriptive,F_DC,서랍닫기 집중,WO,1.6,0.4
combined_descriptive,F_DC,서랍닫기 집중,WC,5.6,1.4
combined_descriptive,F_WO,창문열기 집중,DO,2.8,0.7
combined_descriptive,F_WO,창문열기 집중,DC,0.0,0.0
combined_descriptive,F_WO,창문열기 집중,WO,1.6,0.4
combined_descriptive,F_WO,창문열기 집중,WC,10.0,2.5
combined_descriptive,F_WC,창문닫기 집중,DO,2.4,0.6
combined_descriptive,F_WC,창문닫기 집중,DC,-0.8,-0.2
combined_descriptive,F_WC,창문닫기 집중,WO,0.4,0.1
combined_descriptive,F_WC,창문닫기 집중,WC,14.4,3.6
