evaluation_id,context,policy_type,bank,task,episode_index,seed,initial_state_hash,success,return,length
step_000000000,p0_pretraining,learned_sac,diagnostic,DO,0,828170652,113a16f1cd29ca8a5cddcc5a1e6323bce5dd1e1ea80af72ad2442d0862bfa8d0,0,607.286001424184,500
step_000000000,p0_pretraining,learned_sac,diagnostic,DO,1,1369776720,d8e24c26725b2ce2c9ec5d59f9437d4574a6b65769dbb0d450678ad05fe14af9,0,605.8334621227542,500
step_000000000,p0_pretraining,learned_sac,diagnostic,DO,2,1629970912,3d802ade559a17303cdb3b4545ac85fb2aa0d428aa3d4d7e1b6bf274fec09b52,0,818.2506134156279,500
step_000000000,p0_pretraining,learned_sac,diagnostic,DO,3,3992862533,f2ec6a92b98c14aaa17ec8065560d9f1ebcdc7fe9e3ee3e31f6bea529b0777d6,0,777.0915441097113,500
step_000000000,p0_pretraining,learned_sac,diagnostic,DO,4,1114564331,d7271e2c7a8b6aae64dd2ba9b11d808f27b3d1a1fee3730c0970a1b88a9232c3,0,567.2797690483889,500
step_000000000,p0_pretraining,learned_sac,diagnostic,DO,5,2080510964,aee2ef9bd7dfb001ce13879d80e6cfe4d0fa69144083bc92008e9dde42b0d052,0,759.2507599566594,500
step_000000000,p0_pretraining,learned_sac,diagnostic,DO,6,120420299,eb1cf5d59a5d56d8f1c9037aeb150e3d1de4f1f80d0a6701ce8139bf72729750,0,568.2950472523349,500
step_000000000,p0_pretraining,learned_sac,diagnostic,DO,7,3644321968,28fbb4e7e132ba5e33124b07be5b692261ea1a787eaea03dc2b32e6a3f9f0a6a,0,742.5883483770373,500
step_000000000,p0_pretraining,learned_sac,diagnostic,DO,8,3692725443,39a9c91a8bde6e76cd8ed61a5c393ef3d2e4fba3fe7fd44aac57719fef2e2b3d,0,577.7799674763809,500
step_000000000,p0_pretraining,learned_sac,diagnostic,DO,9,3988051626,79bed54bbfc14d05f428fb4705060d7da21dd3f558d1ea54b3ed962e8da05bb1,0,580.3807313993366,500
step_000000000,p0_pretraining,learned_sac,diagnostic,DO,10,3764947357,f5c2208926fd7b2f0d1dc56147b2f556686cbe890f06973cdee9ea7b6c2c2f03,0,795.1486950474069,500
step_000000000,p0_pretraining,learned_sac,diagnostic,DO,11,2088529692,35c557dac59963cd173b85ad5fd1b41109286c051916f8b11eb7f37a3816ec2f,0,791.7126168353593,500
step_000000000,p0_pretraining,learned_sac,diagnostic,DO,12,2002896800,0d356b2b96a10d85a7d12ba52b3b64f555c9df672f676b74dd35d4f0374c70bd,0,797.0393921641861,500
step_000000000,p0_pretraining,learned_sac,diagnostic,DO,13,201980379,33a8403afee44b7c95efdccc10732f907a095ebd15c30fe9c6012d74f3398418,0,572.6983508423515,500
step_000000000,p0_pretraining,learned_sac,diagnostic,DO,14,1642142810,82ec2bc87caffb8db536df1be457299bfed682776093f3f9cfff14a55f71255f,0,817.9486786086363,500
step_000000000,p0_pretraining,learned_sac,diagnostic,DO,15,2187703557,09b896f228e35efe93b43fbf6902ce22870fa0535eb1d5ba072ab403b6b1ce47,0,784.0999816339421,500
step_000000000,p0_pretraining,learned_sac,diagnostic,DO,16,595207919,bc0837a591ed6d324347ffd768685862a871d77672f73721b35ac3d13a9bad5a,0,818.2921336828748,500
step_000000000,p0_pretraining,learned_sac,diagnostic,DO,17,485291579,a3823b09105341ee5537ebede95bb301475a4a170c515821e86839f5e59be084,0,817.399991326245,500
step_000000000,p0_pretraining,learned_sac,diagnostic,DO,18,301686438,de37108d822e4e2b28f1af5145524bcc169f6248ae126da68e8b85c2f07dabce,0,747.9612884427713,500
step_000000000,p0_pretraining,learned_sac,diagnostic,DO,19,2798104946,72301823cea6c9e1916467c6673d238e68a64d0fc426ddc496eacc88ae3b081d,0,701.9483426958884,500
step_000000000,p0_pretraining,learned_sac,diagnostic,DC,0,1853284648,9bdab84d4b7703b65f6ebcd5106b2d6e795b27c5d9905d489a48636eb641f2e7,0,4.422035480356355,500
step_000000000,p0_pretraining,learned_sac,diagnostic,DC,1,2499529532,fc24d502c00f6ec6b712e4fbbefcdafb2626f91ecfbf04bd0f3898945eb1b578,0,1.7068703178821854,500
step_000000000,p0_pretraining,learned_sac,diagnostic,DC,2,1435295711,c1249186fdf507866405576dd5f8175d90560985156395a9a3b9cec93d59ee78,0,4.487674211631892,500
step_000000000,p0_pretraining,learned_sac,diagnostic,DC,3,2599829960,88ed11267b904ecb86fc1c22c360f06d3e5ad4eb6e7ab334c022c59452b3dc36,0,1.424257393519621,500
step_000000000,p0_pretraining,learned_sac,diagnostic,DC,4,3431925976,3184e558d1d43bdf7c1f9f46fcbbe74350f6c3dd3e8b3bfcf98bf2f754e50297,0,0.7427106984239262,500
step_000000000,p0_pretraining,learned_sac,diagnostic,DC,5,3396614086,2dab84f4d44942f4227489f518eb738611b529d67046b3fbf6580f60bf39ed63,0,1.7735207971496088,500
step_000000000,p0_pretraining,learned_sac,diagnostic,DC,6,3187232616,388b3d9c94f80310c1785852089459a3d51d116dfe0e62c7877176ed4e1e5873,0,6.748600311128864,500
step_000000000,p0_pretraining,learned_sac,diagnostic,DC,7,1511693509,7f14cd5fd07626a1de703f3d0924cefbb3359e9846509533e675ccfad07b5da7,0,4.239785571055353,500
step_000000000,p0_pretraining,learned_sac,diagnostic,DC,8,3722585541,a9dd9e2e35f12e9807bcefd590e34e04db05faec48bdf55b88dbb4c5a2c526c2,0,3.121003372171994,500
step_000000000,p0_pretraining,learned_sac,diagnostic,DC,9,142054861,321cd3b5ebff4e193f626204c1735b72f28cbd91ccdd399f22f9a51b3872b668,0,4.117299340849579,500
step_000000000,p0_pretraining,learned_sac,diagnostic,DC,10,1388198223,ec936664bac72a6fdb335559a8d45688af7ebd7816f0815babc9734eab18739f,0,1.3862243921235198,500
step_000000000,p0_pretraining,learned_sac,diagnostic,DC,11,3703740366,d7ed6b5b66d652dca324627fced49e02da5879b95592424204a6e8be78a887fd,0,3.176620187277545,500
step_000000000,p0_pretraining,learned_sac,diagnostic,DC,12,2692080941,3e7c7a1521cbdeef1f72ff99995e13006b033f6ffde23843b7de2bf7460c97cd,0,1.935587700916682,500
step_000000000,p0_pretraining,learned_sac,diagnostic,DC,13,2330933132,2b446bacf134eb4b27fbeb7c90d5a6934dbf7010398b931e8b40543161d85daf,0,0.9992789667831967,500
step_000000000,p0_pretraining,learned_sac,diagnostic,DC,14,3554179308,aebd3ac65ec54f76c45df053e0369a5f577b71ab296612bb74467eb9d6a57e8e,0,7.0640630437947225,500
step_000000000,p0_pretraining,learned_sac,diagnostic,DC,15,4088169442,d8ec1114260a68fed4f7fe1490cb8fceab08b1bf7bdf0eaa8786ea4164f7ca0b,0,6.624491739480087,500
step_000000000,p0_pretraining,learned_sac,diagnostic,DC,16,2995783432,0b06ed6f632cf264e27d4368b87d32c1eb36b571e9bd07742252da0c3e38e525,0,6.944085578955869,500
step_000000000,p0_pretraining,learned_sac,diagnostic,DC,17,2431273856,3d4d0eceb5ce7da6bb8520e030485eda71e296a2eaf1a611f71d9901de657498,0,0.7940962306888045,500
step_000000000,p0_pretraining,learned_sac,diagnostic,DC,18,2264014714,6e9ce1be40e521bb95847e14322f0a00fcf80b1ae1d0684fd2ba194e3d068ba1,0,0.9457783383646027,500
step_000000000,p0_pretraining,learned_sac,diagnostic,DC,19,3105022013,dfc88e3cc98c18abaa067292d50441e90cbd9c243c1d3166539e80cb742ac07e,0,2.170938150960672,500
step_000000000,p0_pretraining,learned_sac,diagnostic,WO,0,929048685,c7e0d5527e52738105711a019dbfbc03e3ae3840fc79515c86a60c4704113691,0,246.87170393084386,500
step_000000000,p0_pretraining,learned_sac,diagnostic,WO,1,1722707334,d52aa036e4650750568bc61b04c59cf4f958b7f2f1f5d43667555d5f3da828cd,0,234.1572944924533,500
step_000000000,p0_pretraining,learned_sac,diagnostic,WO,2,1260984701,f6c0348427dc6c15b3715b03ee2d5db44a7c7a7d514517fb444b6e4a17999d5e,0,230.52695428264684,500
step_000000000,p0_pretraining,learned_sac,diagnostic,WO,3,2431168584,1aa4f24e63b62b7b7fd80afe8827e278f7937faadd1bea288cf894b3a7dff556,0,194.86851461689528,500
step_000000000,p0_pretraining,learned_sac,diagnostic,WO,4,2538249390,d17faa3e8b0fa07e861b3fbcd7f52ded88256c2f71d08d7bb67cf4df3282ddec,0,177.97164631807124,500
step_000000000,p0_pretraining,learned_sac,diagnostic,WO,5,2749914033,1b33de758d8ccae6f26f62fed3d54c76d3bbdf6aebcc4ab29fd5a4cac5492ef0,0,270.79430267963846,500
step_000000000,p0_pretraining,learned_sac,diagnostic,WO,6,3620248700,5e6cbe799cbcdf8b670323755e6a86dfbea395acde9d3728244adb75da2a4031,0,202.85534786854944,500
step_000000000,p0_pretraining,learned_sac,diagnostic,WO,7,2517236060,14db2dde1d4754db0587b7ddafed300ebd3ebbf278f0532e0a81380768a3893f,0,230.90801096562848,500
step_000000000,p0_pretraining,learned_sac,diagnostic,WO,8,2143249321,dfc5bd6a74ef9b029a3451c2fed85528ea819d744fe1f6ba2d308e7dc11b43cb,0,193.37857125771032,500
step_000000000,p0_pretraining,learned_sac,diagnostic,WO,9,4147036372,404ff753f538ccdd80e3b1344e56366ff7a91f52a338cc455708023e635bcda2,0,278.5252747800365,500
step_000000000,p0_pretraining,learned_sac,diagnostic,WO,10,1005656045,9e5b31e8476d65f228903ad736e4f4449a8af69c8f6bed0c61ff43917db552d8,0,214.32174235182666,500
step_000000000,p0_pretraining,learned_sac,diagnostic,WO,11,1782465989,6cbf052271f78032015bab50ae31dc91da0d1293960084bacc6e6087b962cf84,0,255.13534365294444,500
step_000000000,p0_pretraining,learned_sac,diagnostic,WO,12,3202492248,6ac260c1c1eb9caad85e8b90fb18dd0984cf021e47a7a98a9673d34c588f1882,0,145.9382913244417,500
step_000000000,p0_pretraining,learned_sac,diagnostic,WO,13,1624738690,23d763b230148b4e4e17d99d2fc846017f7201f8166a595241e1de9c8a6dda00,0,214.69604404192884,500
step_000000000,p0_pretraining,learned_sac,diagnostic,WO,14,1484125876,0d29c2e4201a9f5b1cf3250c7cbf54f12696ed3eead8a792469d6331235200e0,0,174.10277487541887,500
step_000000000,p0_pretraining,learned_sac,diagnostic,WO,15,1545369246,5be0ce7555d081cc4786e73957dac3d18f8b0001ccfd075a00baebd9f4734a86,0,221.56623346617167,500
step_000000000,p0_pretraining,learned_sac,diagnostic,WO,16,3270635089,de4ed1b08700726c0382d4995da6362b917a8628854bc0833b9eb63fee674556,0,146.20216100404588,500
step_000000000,p0_pretraining,learned_sac,diagnostic,WO,17,3741004584,913e8b5ff11186d215596f29cf128bdb8e962cd6724623f2b1f03467a9603d11,0,235.82606060252078,500
step_000000000,p0_pretraining,learned_sac,diagnostic,WO,18,3792512368,a753f0ad9f2577e3ed10af436ccdb36898c7733e0b9141da082896f51a3c85a3,0,118.97505753283251,500
step_000000000,p0_pretraining,learned_sac,diagnostic,WO,19,3676684587,0a2b5b28378b628a99ce5bae51fb188f04df2fdb5be75a22cfc59b5d30aba711,0,140.09022522624005,500
step_000000000,p0_pretraining,learned_sac,diagnostic,WC,0,3333479105,ea922e5302b5219f040096d5009f175ff24880e6ead9ce6b13e11ffa5eabd0f2,0,209.77335280896392,500
step_000000000,p0_pretraining,learned_sac,diagnostic,WC,1,1874754874,ea722529c2fa10941a71f393b37c7f147e7266a08174373991bbf1d517a6962c,0,82.0016653666246,500
step_000000000,p0_pretraining,learned_sac,diagnostic,WC,2,2197225302,4d5b471d1628feeb97a4ab458cc38c9099d8d0de71f8f5c44ebfec100beb0e74,0,354.1206790165745,500
step_000000000,p0_pretraining,learned_sac,diagnostic,WC,3,465985232,e13ac902fee92b24a15c64884da0aa217e53cc1888b6e27125709b52e5aa17aa,0,241.26867459584068,500
step_000000000,p0_pretraining,learned_sac,diagnostic,WC,4,2210203603,e3a88ce9a80bcd7559d7cb80d378248260c8a5121895ddc0a98d09a346d317d8,0,297.249376825695,500
step_000000000,p0_pretraining,learned_sac,diagnostic,WC,5,2295248821,0caf0d5c585a8b17efad9b5cfe8426169d9b802267f06dc3dba3fe791ae86018,0,283.2833300350438,500
step_000000000,p0_pretraining,learned_sac,diagnostic,WC,6,292119461,c48631a3f9f0de22120b2f940c31612fe19224dc0a7ad9e9b038cebaf08841e8,0,208.0045247213154,500
step_000000000,p0_pretraining,learned_sac,diagnostic,WC,7,4152722239,bdf07a59bf67477676e558bae888c3ea753f6ea61160d371235f673181f6d6f2,0,414.0390582308357,500
step_000000000,p0_pretraining,learned_sac,diagnostic,WC,8,545571014,c01a9e76c50eb7432d5163b3dfbb206415dd10fcfce3c140855e01438c7ed0b3,0,228.4853679539721,500
step_000000000,p0_pretraining,learned_sac,diagnostic,WC,9,640704407,08051498fbd7fdd0a8f3af238d68ce4a0d4dd7066481571b927ee07881366f61,0,278.9502039002316,500
step_000000000,p0_pretraining,learned_sac,diagnostic,WC,10,1778442713,39deca2d75895ae710a2aa20606428caae20d44de328094bf43d31cd3e14cb1c,0,240.93714996792588,500
step_000000000,p0_pretraining,learned_sac,diagnostic,WC,11,1118651770,4190f5d53fe56e825749cf9e5a6eaf956d8741ce32d295f98c80e2e603702a32,0,233.51913758386462,500
step_000000000,p0_pretraining,learned_sac,diagnostic,WC,12,2902951356,63f9d4e7eac6388ffa029241eea4a2062772298a116ffbae2ef9494d520a49aa,0,308.0035278597056,500
step_000000000,p0_pretraining,learned_sac,diagnostic,WC,13,952707212,8b204120ca992c68f36e6c467b851ef538e6a3d5a757d68192abe25e2077809e,0,356.2745842193116,500
step_000000000,p0_pretraining,learned_sac,diagnostic,WC,14,3325184969,9d86c8cfa6cf900fe202f2a7107a9204c313b05c1306820a24694b167a15ff4b,0,158.15622298159138,500
step_000000000,p0_pretraining,learned_sac,diagnostic,WC,15,767493788,6aa100bdb9e157204ea19afbfb185c8c02777f07e6b01e60ddf0742459947dfa,0,222.64509297518694,500
step_000000000,p0_pretraining,learned_sac,diagnostic,WC,16,3104923804,23fcca0e15415210bea249b7161d551e399c98d12eb946f97f771c85161e545d,0,289.75437628955314,500
step_000000000,p0_pretraining,learned_sac,diagnostic,WC,17,4077572501,87ede365e576a597e0f6a23af89a2d12baa3b36594548820c854a48645f6b060,0,341.8962068038151,500
step_000000000,p0_pretraining,learned_sac,diagnostic,WC,18,960655476,be6ef3eb96c19508a54f63d1ad88037b4b8a9898e8be6be99d80e38d8d98c5c3,0,244.94384449255827,500
step_000000000,p0_pretraining,learned_sac,diagnostic,WC,19,2507272140,0334dbbb034390f61b984ae66007e480bc912ac1cf502568cb916153ce86f394,0,411.4138309205309,500
step_000100000,p0_pretraining,learned_sac,diagnostic,DO,0,828170652,113a16f1cd29ca8a5cddcc5a1e6323bce5dd1e1ea80af72ad2442d0862bfa8d0,0,1744.2784383698174,500
step_000100000,p0_pretraining,learned_sac,diagnostic,DO,1,1369776720,d8e24c26725b2ce2c9ec5d59f9437d4574a6b65769dbb0d450678ad05fe14af9,0,1736.7882097848108,500
step_000100000,p0_pretraining,learned_sac,diagnostic,DO,2,1629970912,3d802ade559a17303cdb3b4545ac85fb2aa0d428aa3d4d7e1b6bf274fec09b52,0,1961.5740229091557,500
step_000100000,p0_pretraining,learned_sac,diagnostic,DO,3,3992862533,f2ec6a92b98c14aaa17ec8065560d9f1ebcdc7fe9e3ee3e31f6bea529b0777d6,0,1490.1845758884658,500
step_000100000,p0_pretraining,learned_sac,diagnostic,DO,4,1114564331,d7271e2c7a8b6aae64dd2ba9b11d808f27b3d1a1fee3730c0970a1b88a9232c3,0,529.6820119379495,500
step_000100000,p0_pretraining,learned_sac,diagnostic,DO,5,2080510964,aee2ef9bd7dfb001ce13879d80e6cfe4d0fa69144083bc92008e9dde42b0d052,0,1968.6420129094506,500
step_000100000,p0_pretraining,learned_sac,diagnostic,DO,6,120420299,eb1cf5d59a5d56d8f1c9037aeb150e3d1de4f1f80d0a6701ce8139bf72729750,0,544.3471600237278,500
step_000100000,p0_pretraining,learned_sac,diagnostic,DO,7,3644321968,28fbb4e7e132ba5e33124b07be5b692261ea1a787eaea03dc2b32e6a3f9f0a6a,0,1725.9091419651145,500
step_000100000,p0_pretraining,learned_sac,diagnostic,DO,8,3692725443,39a9c91a8bde6e76cd8ed61a5c393ef3d2e4fba3fe7fd44aac57719fef2e2b3d,0,868.5127467300846,500
step_000100000,p0_pretraining,learned_sac,diagnostic,DO,9,3988051626,79bed54bbfc14d05f428fb4705060d7da21dd3f558d1ea54b3ed962e8da05bb1,0,1027.655451817226,500
step_000100000,p0_pretraining,learned_sac,diagnostic,DO,10,3764947357,f5c2208926fd7b2f0d1dc56147b2f556686cbe890f06973cdee9ea7b6c2c2f03,0,2415.7340712403234,500
step_000100000,p0_pretraining,learned_sac,diagnostic,DO,11,2088529692,35c557dac59963cd173b85ad5fd1b41109286c051916f8b11eb7f37a3816ec2f,0,2409.3898528070263,500
step_000100000,p0_pretraining,learned_sac,diagnostic,DO,12,2002896800,0d356b2b96a10d85a7d12ba52b3b64f555c9df672f676b74dd35d4f0374c70bd,0,2420.983163119467,500
step_000100000,p0_pretraining,learned_sac,diagnostic,DO,13,201980379,33a8403afee44b7c95efdccc10732f907a095ebd15c30fe9c6012d74f3398418,0,651.9724413141133,500
step_000100000,p0_pretraining,learned_sac,diagnostic,DO,14,1642142810,82ec2bc87caffb8db536df1be457299bfed682776093f3f9cfff14a55f71255f,0,1504.411065272333,500
step_000100000,p0_pretraining,learned_sac,diagnostic,DO,15,2187703557,09b896f228e35efe93b43fbf6902ce22870fa0535eb1d5ba072ab403b6b1ce47,0,2032.9339171403758,500
step_000100000,p0_pretraining,learned_sac,diagnostic,DO,16,595207919,bc0837a591ed6d324347ffd768685862a871d77672f73721b35ac3d13a9bad5a,0,1497.0645373676243,500
step_000100000,p0_pretraining,learned_sac,diagnostic,DO,17,485291579,a3823b09105341ee5537ebede95bb301475a4a170c515821e86839f5e59be084,0,1500.5797164018945,500
step_000100000,p0_pretraining,learned_sac,diagnostic,DO,18,301686438,de37108d822e4e2b28f1af5145524bcc169f6248ae126da68e8b85c2f07dabce,0,1602.0899794845154,500
step_000100000,p0_pretraining,learned_sac,diagnostic,DO,19,2798104946,72301823cea6c9e1916467c6673d238e68a64d0fc426ddc496eacc88ae3b081d,0,2502.8125898892117,500
step_000100000,p0_pretraining,learned_sac,diagnostic,DC,0,1853284648,9bdab84d4b7703b65f6ebcd5106b2d6e795b27c5d9905d489a48636eb641f2e7,1,26.49567139148712,21
step_000100000,p0_pretraining,learned_sac,diagnostic,DC,1,2499529532,fc24d502c00f6ec6b712e4fbbefcdafb2626f91ecfbf04bd0f3898945eb1b578,1,16.147413888946176,17
step_000100000,p0_pretraining,learned_sac,diagnostic,DC,2,1435295711,c1249186fdf507866405576dd5f8175d90560985156395a9a3b9cec93d59ee78,1,26.541361093521118,21
step_000100000,p0_pretraining,learned_sac,diagnostic,DC,3,2599829960,88ed11267b904ecb86fc1c22c360f06d3e5ad4eb6e7ab334c022c59452b3dc36,1,14.999930806457996,17
step_000100000,p0_pretraining,learned_sac,diagnostic,DC,4,3431925976,3184e558d1d43bdf7c1f9f46fcbbe74350f6c3dd3e8b3bfcf98bf2f754e50297,1,12.036211499703953,17
step_000100000,p0_pretraining,learned_sac,diagnostic,DC,5,3396614086,2dab84f4d44942f4227489f518eb738611b529d67046b3fbf6580f60bf39ed63,1,13.599568255711347,18
step_000100000,p0_pretraining,learned_sac,diagnostic,DC,6,3187232616,388b3d9c94f80310c1785852089459a3d51d116dfe0e62c7877176ed4e1e5873,1,25.20538330078125,18
step_000100000,p0_pretraining,learned_sac,diagnostic,DC,7,1511693509,7f14cd5fd07626a1de703f3d0924cefbb3359e9846509533e675ccfad07b5da7,1,26.469688534736633,21
step_000100000,p0_pretraining,learned_sac,diagnostic,DC,8,3722585541,a9dd9e2e35f12e9807bcefd590e34e04db05faec48bdf55b88dbb4c5a2c526c2,1,19.65500469505787,17
step_000100000,p0_pretraining,learned_sac,diagnostic,DC,9,142054861,321cd3b5ebff4e193f626204c1735b72f28cbd91ccdd399f22f9a51b3872b668,1,20.74858671426773,17
step_000100000,p0_pretraining,learned_sac,diagnostic,DC,10,1388198223,ec936664bac72a6fdb335559a8d45688af7ebd7816f0815babc9734eab18739f,1,12.961470356109203,17
step_000100000,p0_pretraining,learned_sac,diagnostic,DC,11,3703740366,d7ed6b5b66d652dca324627fced49e02da5879b95592424204a6e8be78a887fd,1,20.533951312303543,20
step_000100000,p0_pretraining,learned_sac,diagnostic,DC,12,2692080941,3e7c7a1521cbdeef1f72ff99995e13006b033f6ffde23843b7de2bf7460c97cd,1,13.955213370732963,18
step_000100000,p0_pretraining,learned_sac,diagnostic,DC,13,2330933132,2b446bacf134eb4b27fbeb7c90d5a6934dbf7010398b931e8b40543161d85daf,1,13.100184138398618,17
step_000100000,p0_pretraining,learned_sac,diagnostic,DC,14,3554179308,aebd3ac65ec54f76c45df053e0369a5f577b71ab296612bb74467eb9d6a57e8e,1,25.253688633441925,18
step_000100000,p0_pretraining,learned_sac,diagnostic,DC,15,4088169442,d8ec1114260a68fed4f7fe1490cb8fceab08b1bf7bdf0eaa8786ea4164f7ca0b,1,25.21429419517517,18
step_000100000,p0_pretraining,learned_sac,diagnostic,DC,16,2995783432,0b06ed6f632cf264e27d4368b87d32c1eb36b571e9bd07742252da0c3e38e525,1,25.202975511550903,18
step_000100000,p0_pretraining,learned_sac,diagnostic,DC,17,2431273856,3d4d0eceb5ce7da6bb8520e030485eda71e296a2eaf1a611f71d9901de657498,1,12.068709874163389,17
step_000100000,p0_pretraining,learned_sac,diagnostic,DC,18,2264014714,6e9ce1be40e521bb95847e14322f0a00fcf80b1ae1d0684fd2ba194e3d068ba1,1,12.293478793709596,17
step_000100000,p0_pretraining,learned_sac,diagnostic,DC,19,3105022013,dfc88e3cc98c18abaa067292d50441e90cbd9c243c1d3166539e80cb742ac07e,1,17.70167026668787,17
step_000100000,p0_pretraining,learned_sac,diagnostic,WO,0,929048685,c7e0d5527e52738105711a019dbfbc03e3ae3840fc79515c86a60c4704113691,0,299.869258886653,500
step_000100000,p0_pretraining,learned_sac,diagnostic,WO,1,1722707334,d52aa036e4650750568bc61b04c59cf4f958b7f2f1f5d43667555d5f3da828cd,0,280.9931211797038,500
step_000100000,p0_pretraining,learned_sac,diagnostic,WO,2,1260984701,f6c0348427dc6c15b3715b03ee2d5db44a7c7a7d514517fb444b6e4a17999d5e,0,226.061533589755,500
step_000100000,p0_pretraining,learned_sac,diagnostic,WO,3,2431168584,1aa4f24e63b62b7b7fd80afe8827e278f7937faadd1bea288cf894b3a7dff556,0,219.77190964864667,500
step_000100000,p0_pretraining,learned_sac,diagnostic,WO,4,2538249390,d17faa3e8b0fa07e861b3fbcd7f52ded88256c2f71d08d7bb67cf4df3282ddec,0,501.0180940538697,500
step_000100000,p0_pretraining,learned_sac,diagnostic,WO,5,2749914033,1b33de758d8ccae6f26f62fed3d54c76d3bbdf6aebcc4ab29fd5a4cac5492ef0,0,299.4751358299646,500
step_000100000,p0_pretraining,learned_sac,diagnostic,WO,6,3620248700,5e6cbe799cbcdf8b670323755e6a86dfbea395acde9d3728244adb75da2a4031,0,271.8738029081664,500
step_000100000,p0_pretraining,learned_sac,diagnostic,WO,7,2517236060,14db2dde1d4754db0587b7ddafed300ebd3ebbf278f0532e0a81380768a3893f,0,318.5462642655655,500
step_000100000,p0_pretraining,learned_sac,diagnostic,WO,8,2143249321,dfc5bd6a74ef9b029a3451c2fed85528ea819d744fe1f6ba2d308e7dc11b43cb,0,657.8930023000769,500
step_000100000,p0_pretraining,learned_sac,diagnostic,WO,9,4147036372,404ff753f538ccdd80e3b1344e56366ff7a91f52a338cc455708023e635bcda2,0,331.17020210197416,500
step_000100000,p0_pretraining,learned_sac,diagnostic,WO,10,1005656045,9e5b31e8476d65f228903ad736e4f4449a8af69c8f6bed0c61ff43917db552d8,0,288.56154199936935,500
step_000100000,p0_pretraining,learned_sac,diagnostic,WO,11,1782465989,6cbf052271f78032015bab50ae31dc91da0d1293960084bacc6e6087b962cf84,0,267.0763868584017,500
step_000100000,p0_pretraining,learned_sac,diagnostic,WO,12,3202492248,6ac260c1c1eb9caad85e8b90fb18dd0984cf021e47a7a98a9673d34c588f1882,0,186.3317439973706,500
step_000100000,p0_pretraining,learned_sac,diagnostic,WO,13,1624738690,23d763b230148b4e4e17d99d2fc846017f7201f8166a595241e1de9c8a6dda00,0,210.28339758317207,500
step_000100000,p0_pretraining,learned_sac,diagnostic,WO,14,1484125876,0d29c2e4201a9f5b1cf3250c7cbf54f12696ed3eead8a792469d6331235200e0,0,310.51441420076424,500
step_000100000,p0_pretraining,learned_sac,diagnostic,WO,15,1545369246,5be0ce7555d081cc4786e73957dac3d18f8b0001ccfd075a00baebd9f4734a86,0,431.3468406711915,500
step_000100000,p0_pretraining,learned_sac,diagnostic,WO,16,3270635089,de4ed1b08700726c0382d4995da6362b917a8628854bc0833b9eb63fee674556,0,287.3489640501798,500
step_000100000,p0_pretraining,learned_sac,diagnostic,WO,17,3741004584,913e8b5ff11186d215596f29cf128bdb8e962cd6724623f2b1f03467a9603d11,0,221.64394596797436,500
step_000100000,p0_pretraining,learned_sac,diagnostic,WO,18,3792512368,a753f0ad9f2577e3ed10af436ccdb36898c7733e0b9141da082896f51a3c85a3,0,349.5820119367682,500
step_000100000,p0_pretraining,learned_sac,diagnostic,WO,19,3676684587,0a2b5b28378b628a99ce5bae51fb188f04df2fdb5be75a22cfc59b5d30aba711,0,523.2117899685171,500
step_000100000,p0_pretraining,learned_sac,diagnostic,WC,0,3333479105,ea922e5302b5219f040096d5009f175ff24880e6ead9ce6b13e11ffa5eabd0f2,0,470.1410345243897,500
step_000100000,p0_pretraining,learned_sac,diagnostic,WC,1,1874754874,ea722529c2fa10941a71f393b37c7f147e7266a08174373991bbf1d517a6962c,1,158.4190930407941,119
step_000100000,p0_pretraining,learned_sac,diagnostic,WC,2,2197225302,4d5b471d1628feeb97a4ab458cc38c9099d8d0de71f8f5c44ebfec100beb0e74,1,118.67386137675574,87
step_000100000,p0_pretraining,learned_sac,diagnostic,WC,3,465985232,e13ac902fee92b24a15c64884da0aa217e53cc1888b6e27125709b52e5aa17aa,0,468.45454808347154,500
step_000100000,p0_pretraining,learned_sac,diagnostic,WC,4,2210203603,e3a88ce9a80bcd7559d7cb80d378248260c8a5121895ddc0a98d09a346d317d8,0,468.3679258408318,500
step_000100000,p0_pretraining,learned_sac,diagnostic,WC,5,2295248821,0caf0d5c585a8b17efad9b5cfe8426169d9b802267f06dc3dba3fe791ae86018,1,96.85828888139025,85
step_000100000,p0_pretraining,learned_sac,diagnostic,WC,6,292119461,c48631a3f9f0de22120b2f940c31612fe19224dc0a7ad9e9b038cebaf08841e8,0,456.27546966743154,500
step_000100000,p0_pretraining,learned_sac,diagnostic,WC,7,4152722239,bdf07a59bf67477676e558bae888c3ea753f6ea61160d371235f673181f6d6f2,0,472.2404647438645,500
step_000100000,p0_pretraining,learned_sac,diagnostic,WC,8,545571014,c01a9e76c50eb7432d5163b3dfbb206415dd10fcfce3c140855e01438c7ed0b3,0,458.8001571642839,500
step_000100000,p0_pretraining,learned_sac,diagnostic,WC,9,640704407,08051498fbd7fdd0a8f3af238d68ce4a0d4dd7066481571b927ee07881366f61,1,174.4069730685691,116
step_000100000,p0_pretraining,learned_sac,diagnostic,WC,10,1778442713,39deca2d75895ae710a2aa20606428caae20d44de328094bf43d31cd3e14cb1c,0,461.5358529044432,500
step_000100000,p0_pretraining,learned_sac,diagnostic,WC,11,1118651770,4190f5d53fe56e825749cf9e5a6eaf956d8741ce32d295f98c80e2e603702a32,0,462.13702521844857,500
step_000100000,p0_pretraining,learned_sac,diagnostic,WC,12,2902951356,63f9d4e7eac6388ffa029241eea4a2062772298a116ffbae2ef9494d520a49aa,1,95.40447865775421,85
step_000100000,p0_pretraining,learned_sac,diagnostic,WC,13,952707212,8b204120ca992c68f36e6c467b851ef538e6a3d5a757d68192abe25e2077809e,0,492.03810923701985,500
step_000100000,p0_pretraining,learned_sac,diagnostic,WC,14,3325184969,9d86c8cfa6cf900fe202f2a7107a9204c313b05c1306820a24694b167a15ff4b,0,450.3428683537513,500
step_000100000,p0_pretraining,learned_sac,diagnostic,WC,15,767493788,6aa100bdb9e157204ea19afbfb185c8c02777f07e6b01e60ddf0742459947dfa,0,467.3446811682693,500
step_000100000,p0_pretraining,learned_sac,diagnostic,WC,16,3104923804,23fcca0e15415210bea249b7161d551e399c98d12eb946f97f771c85161e545d,0,481.9859155214191,500
step_000100000,p0_pretraining,learned_sac,diagnostic,WC,17,4077572501,87ede365e576a597e0f6a23af89a2d12baa3b36594548820c854a48645f6b060,0,464.8002466084125,500
step_000100000,p0_pretraining,learned_sac,diagnostic,WC,18,960655476,be6ef3eb96c19508a54f63d1ad88037b4b8a9898e8be6be99d80e38d8d98c5c3,0,475.74231697937773,500
step_000100000,p0_pretraining,learned_sac,diagnostic,WC,19,2507272140,0334dbbb034390f61b984ae66007e480bc912ac1cf502568cb916153ce86f394,0,472.144137642664,500
step_000200000,p0_pretraining,learned_sac,diagnostic,DO,0,828170652,113a16f1cd29ca8a5cddcc5a1e6323bce5dd1e1ea80af72ad2442d0862bfa8d0,0,1145.7384359428918,500
step_000200000,p0_pretraining,learned_sac,diagnostic,DO,1,1369776720,d8e24c26725b2ce2c9ec5d59f9437d4574a6b65769dbb0d450678ad05fe14af9,0,1158.3825891106897,500
step_000200000,p0_pretraining,learned_sac,diagnostic,DO,2,1629970912,3d802ade559a17303cdb3b4545ac85fb2aa0d428aa3d4d7e1b6bf274fec09b52,0,2621.2198197988273,500
step_000200000,p0_pretraining,learned_sac,diagnostic,DO,3,3992862533,f2ec6a92b98c14aaa17ec8065560d9f1ebcdc7fe9e3ee3e31f6bea529b0777d6,0,1084.295060151661,500
step_000200000,p0_pretraining,learned_sac,diagnostic,DO,4,1114564331,d7271e2c7a8b6aae64dd2ba9b11d808f27b3d1a1fee3730c0970a1b88a9232c3,0,1592.1241972781388,500
step_000200000,p0_pretraining,learned_sac,diagnostic,DO,5,2080510964,aee2ef9bd7dfb001ce13879d80e6cfe4d0fa69144083bc92008e9dde42b0d052,0,2257.1514646865558,500
step_000200000,p0_pretraining,learned_sac,diagnostic,DO,6,120420299,eb1cf5d59a5d56d8f1c9037aeb150e3d1de4f1f80d0a6701ce8139bf72729750,0,1682.5147875925004,500
step_000200000,p0_pretraining,learned_sac,diagnostic,DO,7,3644321968,28fbb4e7e132ba5e33124b07be5b692261ea1a787eaea03dc2b32e6a3f9f0a6a,0,2121.313096298998,500
step_000200000,p0_pretraining,learned_sac,diagnostic,DO,8,3692725443,39a9c91a8bde6e76cd8ed61a5c393ef3d2e4fba3fe7fd44aac57719fef2e2b3d,0,1866.1548870129436,500
step_000200000,p0_pretraining,learned_sac,diagnostic,DO,9,3988051626,79bed54bbfc14d05f428fb4705060d7da21dd3f558d1ea54b3ed962e8da05bb1,0,1842.9271663513161,500
step_000200000,p0_pretraining,learned_sac,diagnostic,DO,10,3764947357,f5c2208926fd7b2f0d1dc56147b2f556686cbe890f06973cdee9ea7b6c2c2f03,0,1300.4921905385302,500
step_000200000,p0_pretraining,learned_sac,diagnostic,DO,11,2088529692,35c557dac59963cd173b85ad5fd1b41109286c051916f8b11eb7f37a3816ec2f,0,1246.3624584933068,500
step_000200000,p0_pretraining,learned_sac,diagnostic,DO,12,2002896800,0d356b2b96a10d85a7d12ba52b3b64f555c9df672f676b74dd35d4f0374c70bd,0,1373.0804722756604,500
step_000200000,p0_pretraining,learned_sac,diagnostic,DO,13,201980379,33a8403afee44b7c95efdccc10732f907a095ebd15c30fe9c6012d74f3398418,0,1700.7807395472632,500
step_000200000,p0_pretraining,learned_sac,diagnostic,DO,14,1642142810,82ec2bc87caffb8db536df1be457299bfed682776093f3f9cfff14a55f71255f,0,2603.992131211056,500
step_000200000,p0_pretraining,learned_sac,diagnostic,DO,15,2187703557,09b896f228e35efe93b43fbf6902ce22870fa0535eb1d5ba072ab403b6b1ce47,0,1166.5654959365602,500
step_000200000,p0_pretraining,learned_sac,diagnostic,DO,16,595207919,bc0837a591ed6d324347ffd768685862a871d77672f73721b35ac3d13a9bad5a,0,2619.172964834795,500
step_000200000,p0_pretraining,learned_sac,diagnostic,DO,17,485291579,a3823b09105341ee5537ebede95bb301475a4a170c515821e86839f5e59be084,0,2591.4242845917042,500
step_000200000,p0_pretraining,learned_sac,diagnostic,DO,18,301686438,de37108d822e4e2b28f1af5145524bcc169f6248ae126da68e8b85c2f07dabce,0,2194.4574671174937,500
step_000200000,p0_pretraining,learned_sac,diagnostic,DO,19,2798104946,72301823cea6c9e1916467c6673d238e68a64d0fc426ddc496eacc88ae3b081d,0,834.7558339099369,500
step_000200000,p0_pretraining,learned_sac,diagnostic,DC,0,1853284648,9bdab84d4b7703b65f6ebcd5106b2d6e795b27c5d9905d489a48636eb641f2e7,1,23.539222955703735,20
step_000200000,p0_pretraining,learned_sac,diagnostic,DC,1,2499529532,fc24d502c00f6ec6b712e4fbbefcdafb2626f91ecfbf04bd0f3898945eb1b578,1,13.126071810722351,15
step_000200000,p0_pretraining,learned_sac,diagnostic,DC,2,1435295711,c1249186fdf507866405576dd5f8175d90560985156395a9a3b9cec93d59ee78,1,23.641230642795563,20
step_000200000,p0_pretraining,learned_sac,diagnostic,DC,3,2599829960,88ed11267b904ecb86fc1c22c360f06d3e5ad4eb6e7ab334c022c59452b3dc36,1,15.139241993427277,16
step_000200000,p0_pretraining,learned_sac,diagnostic,DC,4,3431925976,3184e558d1d43bdf7c1f9f46fcbbe74350f6c3dd3e8b3bfcf98bf2f754e50297,1,12.180478629474692,17
step_000200000,p0_pretraining,learned_sac,diagnostic,DC,5,3396614086,2dab84f4d44942f4227489f518eb738611b529d67046b3fbf6580f60bf39ed63,1,13.82058103196323,18
step_000200000,p0_pretraining,learned_sac,diagnostic,DC,6,3187232616,388b3d9c94f80310c1785852089459a3d51d116dfe0e62c7877176ed4e1e5873,1,10.0,15
step_000200000,p0_pretraining,learned_sac,diagnostic,DC,7,1511693509,7f14cd5fd07626a1de703f3d0924cefbb3359e9846509533e675ccfad07b5da7,1,23.267373859882355,20
step_000200000,p0_pretraining,learned_sac,diagnostic,DC,8,3722585541,a9dd9e2e35f12e9807bcefd590e34e04db05faec48bdf55b88dbb4c5a2c526c2,1,10.0,15
step_000200000,p0_pretraining,learned_sac,diagnostic,DC,9,142054861,321cd3b5ebff4e193f626204c1735b72f28cbd91ccdd399f22f9a51b3872b668,1,10.0,15
step_000200000,p0_pretraining,learned_sac,diagnostic,DC,10,1388198223,ec936664bac72a6fdb335559a8d45688af7ebd7816f0815babc9734eab18739f,1,12.904430570983095,17
step_000200000,p0_pretraining,learned_sac,diagnostic,DC,11,3703740366,d7ed6b5b66d652dca324627fced49e02da5879b95592424204a6e8be78a887fd,1,19.521198213100433,20
step_000200000,p0_pretraining,learned_sac,diagnostic,DC,12,2692080941,3e7c7a1521cbdeef1f72ff99995e13006b033f6ffde23843b7de2bf7460c97cd,1,14.391100692562759,18
step_000200000,p0_pretraining,learned_sac,diagnostic,DC,13,2330933132,2b446bacf134eb4b27fbeb7c90d5a6934dbf7010398b931e8b40543161d85daf,1,16.720758479088545,16
step_000200000,p0_pretraining,learned_sac,diagnostic,DC,14,3554179308,aebd3ac65ec54f76c45df053e0369a5f577b71ab296612bb74467eb9d6a57e8e,1,10.0,15
step_000200000,p0_pretraining,learned_sac,diagnostic,DC,15,4088169442,d8ec1114260a68fed4f7fe1490cb8fceab08b1bf7bdf0eaa8786ea4164f7ca0b,1,10.0,15
step_000200000,p0_pretraining,learned_sac,diagnostic,DC,16,2995783432,0b06ed6f632cf264e27d4368b87d32c1eb36b571e9bd07742252da0c3e38e525,1,10.0,15
step_000200000,p0_pretraining,learned_sac,diagnostic,DC,17,2431273856,3d4d0eceb5ce7da6bb8520e030485eda71e296a2eaf1a611f71d9901de657498,1,12.115446783632564,17
step_000200000,p0_pretraining,learned_sac,diagnostic,DC,18,2264014714,6e9ce1be40e521bb95847e14322f0a00fcf80b1ae1d0684fd2ba194e3d068ba1,1,12.26681599548067,17
step_000200000,p0_pretraining,learned_sac,diagnostic,DC,19,3105022013,dfc88e3cc98c18abaa067292d50441e90cbd9c243c1d3166539e80cb742ac07e,1,10.0,15
step_000200000,p0_pretraining,learned_sac,diagnostic,WO,0,929048685,c7e0d5527e52738105711a019dbfbc03e3ae3840fc79515c86a60c4704113691,0,211.13979168479818,500
step_000200000,p0_pretraining,learned_sac,diagnostic,WO,1,1722707334,d52aa036e4650750568bc61b04c59cf4f958b7f2f1f5d43667555d5f3da828cd,0,306.84683786947573,500
step_000200000,p0_pretraining,learned_sac,diagnostic,WO,2,1260984701,f6c0348427dc6c15b3715b03ee2d5db44a7c7a7d514517fb444b6e4a17999d5e,0,249.240878679941,500
step_000200000,p0_pretraining,learned_sac,diagnostic,WO,3,2431168584,1aa4f24e63b62b7b7fd80afe8827e278f7937faadd1bea288cf894b3a7dff556,0,165.45869280708123,500
step_000200000,p0_pretraining,learned_sac,diagnostic,WO,4,2538249390,d17faa3e8b0fa07e861b3fbcd7f52ded88256c2f71d08d7bb67cf4df3282ddec,0,212.8329055462999,500
step_000200000,p0_pretraining,learned_sac,diagnostic,WO,5,2749914033,1b33de758d8ccae6f26f62fed3d54c76d3bbdf6aebcc4ab29fd5a4cac5492ef0,0,282.7095845573798,500
step_000200000,p0_pretraining,learned_sac,diagnostic,WO,6,3620248700,5e6cbe799cbcdf8b670323755e6a86dfbea395acde9d3728244adb75da2a4031,0,170.9458984407379,500
step_000200000,p0_pretraining,learned_sac,diagnostic,WO,7,2517236060,14db2dde1d4754db0587b7ddafed300ebd3ebbf278f0532e0a81380768a3893f,0,252.83199882865793,500
step_000200000,p0_pretraining,learned_sac,diagnostic,WO,8,2143249321,dfc5bd6a74ef9b029a3451c2fed85528ea819d744fe1f6ba2d308e7dc11b43cb,0,228.76285137819733,500
step_000200000,p0_pretraining,learned_sac,diagnostic,WO,9,4147036372,404ff753f538ccdd80e3b1344e56366ff7a91f52a338cc455708023e635bcda2,0,287.0203541207345,500
step_000200000,p0_pretraining,learned_sac,diagnostic,WO,10,1005656045,9e5b31e8476d65f228903ad736e4f4449a8af69c8f6bed0c61ff43917db552d8,0,216.31952875027983,500
step_000200000,p0_pretraining,learned_sac,diagnostic,WO,11,1782465989,6cbf052271f78032015bab50ae31dc91da0d1293960084bacc6e6087b962cf84,0,303.07651494309147,500
step_000200000,p0_pretraining,learned_sac,diagnostic,WO,12,3202492248,6ac260c1c1eb9caad85e8b90fb18dd0984cf021e47a7a98a9673d34c588f1882,0,133.05201801790258,500
step_000200000,p0_pretraining,learned_sac,diagnostic,WO,13,1624738690,23d763b230148b4e4e17d99d2fc846017f7201f8166a595241e1de9c8a6dda00,1,155.0739195467862,233
step_000200000,p0_pretraining,learned_sac,diagnostic,WO,14,1484125876,0d29c2e4201a9f5b1cf3250c7cbf54f12696ed3eead8a792469d6331235200e0,0,205.3870241512633,500
step_000200000,p0_pretraining,learned_sac,diagnostic,WO,15,1545369246,5be0ce7555d081cc4786e73957dac3d18f8b0001ccfd075a00baebd9f4734a86,0,222.8767404797531,500
step_000200000,p0_pretraining,learned_sac,diagnostic,WO,16,3270635089,de4ed1b08700726c0382d4995da6362b917a8628854bc0833b9eb63fee674556,0,140.68408002678754,500
step_000200000,p0_pretraining,learned_sac,diagnostic,WO,17,3741004584,913e8b5ff11186d215596f29cf128bdb8e962cd6724623f2b1f03467a9603d11,0,256.47447232237414,500
step_000200000,p0_pretraining,learned_sac,diagnostic,WO,18,3792512368,a753f0ad9f2577e3ed10af436ccdb36898c7733e0b9141da082896f51a3c85a3,0,166.80589364483083,500
step_000200000,p0_pretraining,learned_sac,diagnostic,WO,19,3676684587,0a2b5b28378b628a99ce5bae51fb188f04df2fdb5be75a22cfc59b5d30aba711,0,178.7723438670237,500
step_000200000,p0_pretraining,learned_sac,diagnostic,WC,0,3333479105,ea922e5302b5219f040096d5009f175ff24880e6ead9ce6b13e11ffa5eabd0f2,1,98.49998827530932,61
step_000200000,p0_pretraining,learned_sac,diagnostic,WC,1,1874754874,ea722529c2fa10941a71f393b37c7f147e7266a08174373991bbf1d517a6962c,0,1770.2485706689265,500
step_000200000,p0_pretraining,learned_sac,diagnostic,WC,2,2197225302,4d5b471d1628feeb97a4ab458cc38c9099d8d0de71f8f5c44ebfec100beb0e74,1,129.61170249667776,68
step_000200000,p0_pretraining,learned_sac,diagnostic,WC,3,465985232,e13ac902fee92b24a15c64884da0aa217e53cc1888b6e27125709b52e5aa17aa,1,141.7527944913376,68
step_000200000,p0_pretraining,learned_sac,diagnostic,WC,4,2210203603,e3a88ce9a80bcd7559d7cb80d378248260c8a5121895ddc0a98d09a346d317d8,1,93.50840378650118,60
step_000200000,p0_pretraining,learned_sac,diagnostic,WC,5,2295248821,0caf0d5c585a8b17efad9b5cfe8426169d9b802267f06dc3dba3fe791ae86018,1,105.5582006784794,58
step_000200000,p0_pretraining,learned_sac,diagnostic,WC,6,292119461,c48631a3f9f0de22120b2f940c31612fe19224dc0a7ad9e9b038cebaf08841e8,1,86.42181721950716,59
step_000200000,p0_pretraining,learned_sac,diagnostic,WC,7,4152722239,bdf07a59bf67477676e558bae888c3ea753f6ea61160d371235f673181f6d6f2,1,82.69806200887882,52
step_000200000,p0_pretraining,learned_sac,diagnostic,WC,8,545571014,c01a9e76c50eb7432d5163b3dfbb206415dd10fcfce3c140855e01438c7ed0b3,1,92.32866115095405,60
step_000200000,p0_pretraining,learned_sac,diagnostic,WC,9,640704407,08051498fbd7fdd0a8f3af238d68ce4a0d4dd7066481571b927ee07881366f61,0,2462.2495938562843,500
step_000200000,p0_pretraining,learned_sac,diagnostic,WC,10,1778442713,39deca2d75895ae710a2aa20606428caae20d44de328094bf43d31cd3e14cb1c,1,97.4260055619295,62
step_000200000,p0_pretraining,learned_sac,diagnostic,WC,11,1118651770,4190f5d53fe56e825749cf9e5a6eaf956d8741ce32d295f98c80e2e603702a32,1,95.731891819908,61
step_000200000,p0_pretraining,learned_sac,diagnostic,WC,12,2902951356,63f9d4e7eac6388ffa029241eea4a2062772298a116ffbae2ef9494d520a49aa,1,85.2652519726316,56
step_000200000,p0_pretraining,learned_sac,diagnostic,WC,13,952707212,8b204120ca992c68f36e6c467b851ef538e6a3d5a757d68192abe25e2077809e,1,102.25310701124917,60
step_000200000,p0_pretraining,learned_sac,diagnostic,WC,14,3325184969,9d86c8cfa6cf900fe202f2a7107a9204c313b05c1306820a24694b167a15ff4b,1,85.57254586926734,63
step_000200000,p0_pretraining,learned_sac,diagnostic,WC,15,767493788,6aa100bdb9e157204ea19afbfb185c8c02777f07e6b01e60ddf0742459947dfa,1,128.9541673224567,65
step_000200000,p0_pretraining,learned_sac,diagnostic,WC,16,3104923804,23fcca0e15415210bea249b7161d551e399c98d12eb946f97f771c85161e545d,1,134.16519002451523,65
step_000200000,p0_pretraining,learned_sac,diagnostic,WC,17,4077572501,87ede365e576a597e0f6a23af89a2d12baa3b36594548820c854a48645f6b060,1,97.5625365520557,56
step_000200000,p0_pretraining,learned_sac,diagnostic,WC,18,960655476,be6ef3eb96c19508a54f63d1ad88037b4b8a9898e8be6be99d80e38d8d98c5c3,1,109.50755038320281,61
step_000200000,p0_pretraining,learned_sac,diagnostic,WC,19,2507272140,0334dbbb034390f61b984ae66007e480bc912ac1cf502568cb916153ce86f394,1,90.20542177339505,53
step_000400000,p0_pretraining,learned_sac,diagnostic,DO,0,828170652,113a16f1cd29ca8a5cddcc5a1e6323bce5dd1e1ea80af72ad2442d0862bfa8d0,0,2565.163698599671,500
step_000400000,p0_pretraining,learned_sac,diagnostic,DO,1,1369776720,d8e24c26725b2ce2c9ec5d59f9437d4574a6b65769dbb0d450678ad05fe14af9,0,2556.3275001866587,500
step_000400000,p0_pretraining,learned_sac,diagnostic,DO,2,1629970912,3d802ade559a17303cdb3b4545ac85fb2aa0d428aa3d4d7e1b6bf274fec09b52,0,1501.9184045672373,500
step_000400000,p0_pretraining,learned_sac,diagnostic,DO,3,3992862533,f2ec6a92b98c14aaa17ec8065560d9f1ebcdc7fe9e3ee3e31f6bea529b0777d6,0,1768.515411610342,500
step_000400000,p0_pretraining,learned_sac,diagnostic,DO,4,1114564331,d7271e2c7a8b6aae64dd2ba9b11d808f27b3d1a1fee3730c0970a1b88a9232c3,0,1437.97102483885,500
step_000400000,p0_pretraining,learned_sac,diagnostic,DO,5,2080510964,aee2ef9bd7dfb001ce13879d80e6cfe4d0fa69144083bc92008e9dde42b0d052,0,1398.3254056740172,500
step_000400000,p0_pretraining,learned_sac,diagnostic,DO,6,120420299,eb1cf5d59a5d56d8f1c9037aeb150e3d1de4f1f80d0a6701ce8139bf72729750,0,1439.4196708949012,500
step_000400000,p0_pretraining,learned_sac,diagnostic,DO,7,3644321968,28fbb4e7e132ba5e33124b07be5b692261ea1a787eaea03dc2b32e6a3f9f0a6a,0,1022.6401193289717,500
step_000400000,p0_pretraining,learned_sac,diagnostic,DO,8,3692725443,39a9c91a8bde6e76cd8ed61a5c393ef3d2e4fba3fe7fd44aac57719fef2e2b3d,0,1291.5604424783444,500
step_000400000,p0_pretraining,learned_sac,diagnostic,DO,9,3988051626,79bed54bbfc14d05f428fb4705060d7da21dd3f558d1ea54b3ed962e8da05bb1,0,1544.302517531316,500
step_000400000,p0_pretraining,learned_sac,diagnostic,DO,10,3764947357,f5c2208926fd7b2f0d1dc56147b2f556686cbe890f06973cdee9ea7b6c2c2f03,0,1820.8770014341626,500
step_000400000,p0_pretraining,learned_sac,diagnostic,DO,11,2088529692,35c557dac59963cd173b85ad5fd1b41109286c051916f8b11eb7f37a3816ec2f,0,1840.7117859357982,500
step_000400000,p0_pretraining,learned_sac,diagnostic,DO,12,2002896800,0d356b2b96a10d85a7d12ba52b3b64f555c9df672f676b74dd35d4f0374c70bd,0,1801.9859404047363,500
step_000400000,p0_pretraining,learned_sac,diagnostic,DO,13,201980379,33a8403afee44b7c95efdccc10732f907a095ebd15c30fe9c6012d74f3398418,1,920.7678160674355,316
step_000400000,p0_pretraining,learned_sac,diagnostic,DO,14,1642142810,82ec2bc87caffb8db536df1be457299bfed682776093f3f9cfff14a55f71255f,0,2314.9822299112757,500
step_000400000,p0_pretraining,learned_sac,diagnostic,DO,15,2187703557,09b896f228e35efe93b43fbf6902ce22870fa0535eb1d5ba072ab403b6b1ce47,0,1803.2011825490952,500
step_000400000,p0_pretraining,learned_sac,diagnostic,DO,16,595207919,bc0837a591ed6d324347ffd768685862a871d77672f73721b35ac3d13a9bad5a,0,1488.8065908032654,500
step_000400000,p0_pretraining,learned_sac,diagnostic,DO,17,485291579,a3823b09105341ee5537ebede95bb301475a4a170c515821e86839f5e59be084,0,2207.4447780670266,500
step_000400000,p0_pretraining,learned_sac,diagnostic,DO,18,301686438,de37108d822e4e2b28f1af5145524bcc169f6248ae126da68e8b85c2f07dabce,0,1133.9285886433152,500
step_000400000,p0_pretraining,learned_sac,diagnostic,DO,19,2798104946,72301823cea6c9e1916467c6673d238e68a64d0fc426ddc496eacc88ae3b081d,0,936.7961520856038,500
step_000400000,p0_pretraining,learned_sac,diagnostic,DC,0,1853284648,9bdab84d4b7703b65f6ebcd5106b2d6e795b27c5d9905d489a48636eb641f2e7,1,10.0,17
step_000400000,p0_pretraining,learned_sac,diagnostic,DC,1,2499529532,fc24d502c00f6ec6b712e4fbbefcdafb2626f91ecfbf04bd0f3898945eb1b578,1,10.0,15
step_000400000,p0_pretraining,learned_sac,diagnostic,DC,2,1435295711,c1249186fdf507866405576dd5f8175d90560985156395a9a3b9cec93d59ee78,1,10.0,17
step_000400000,p0_pretraining,learned_sac,diagnostic,DC,3,2599829960,88ed11267b904ecb86fc1c22c360f06d3e5ad4eb6e7ab334c022c59452b3dc36,1,10.0,15
step_000400000,p0_pretraining,learned_sac,diagnostic,DC,4,3431925976,3184e558d1d43bdf7c1f9f46fcbbe74350f6c3dd3e8b3bfcf98bf2f754e50297,1,10.0,15
step_000400000,p0_pretraining,learned_sac,diagnostic,DC,5,3396614086,2dab84f4d44942f4227489f518eb738611b529d67046b3fbf6580f60bf39ed63,1,10.0,15
step_000400000,p0_pretraining,learned_sac,diagnostic,DC,6,3187232616,388b3d9c94f80310c1785852089459a3d51d116dfe0e62c7877176ed4e1e5873,1,10.0,15
step_000400000,p0_pretraining,learned_sac,diagnostic,DC,7,1511693509,7f14cd5fd07626a1de703f3d0924cefbb3359e9846509533e675ccfad07b5da7,1,10.0,17
step_000400000,p0_pretraining,learned_sac,diagnostic,DC,8,3722585541,a9dd9e2e35f12e9807bcefd590e34e04db05faec48bdf55b88dbb4c5a2c526c2,1,10.0,15
step_000400000,p0_pretraining,learned_sac,diagnostic,DC,9,142054861,321cd3b5ebff4e193f626204c1735b72f28cbd91ccdd399f22f9a51b3872b668,1,10.0,15
step_000400000,p0_pretraining,learned_sac,diagnostic,DC,10,1388198223,ec936664bac72a6fdb335559a8d45688af7ebd7816f0815babc9734eab18739f,1,10.0,15
step_000400000,p0_pretraining,learned_sac,diagnostic,DC,11,3703740366,d7ed6b5b66d652dca324627fced49e02da5879b95592424204a6e8be78a887fd,1,10.0,16
step_000400000,p0_pretraining,learned_sac,diagnostic,DC,12,2692080941,3e7c7a1521cbdeef1f72ff99995e13006b033f6ffde23843b7de2bf7460c97cd,1,10.0,15
step_000400000,p0_pretraining,learned_sac,diagnostic,DC,13,2330933132,2b446bacf134eb4b27fbeb7c90d5a6934dbf7010398b931e8b40543161d85daf,1,10.0,15
step_000400000,p0_pretraining,learned_sac,diagnostic,DC,14,3554179308,aebd3ac65ec54f76c45df053e0369a5f577b71ab296612bb74467eb9d6a57e8e,1,10.0,15
step_000400000,p0_pretraining,learned_sac,diagnostic,DC,15,4088169442,d8ec1114260a68fed4f7fe1490cb8fceab08b1bf7bdf0eaa8786ea4164f7ca0b,1,10.0,15
step_000400000,p0_pretraining,learned_sac,diagnostic,DC,16,2995783432,0b06ed6f632cf264e27d4368b87d32c1eb36b571e9bd07742252da0c3e38e525,1,10.0,15
step_000400000,p0_pretraining,learned_sac,diagnostic,DC,17,2431273856,3d4d0eceb5ce7da6bb8520e030485eda71e296a2eaf1a611f71d9901de657498,1,10.0,15
step_000400000,p0_pretraining,learned_sac,diagnostic,DC,18,2264014714,6e9ce1be40e521bb95847e14322f0a00fcf80b1ae1d0684fd2ba194e3d068ba1,1,10.0,15
step_000400000,p0_pretraining,learned_sac,diagnostic,DC,19,3105022013,dfc88e3cc98c18abaa067292d50441e90cbd9c243c1d3166539e80cb742ac07e,1,10.0,15
step_000400000,p0_pretraining,learned_sac,diagnostic,WO,0,929048685,c7e0d5527e52738105711a019dbfbc03e3ae3840fc79515c86a60c4704113691,0,322.21412383314055,500
step_000400000,p0_pretraining,learned_sac,diagnostic,WO,1,1722707334,d52aa036e4650750568bc61b04c59cf4f958b7f2f1f5d43667555d5f3da828cd,1,48.27027096937176,62
step_000400000,p0_pretraining,learned_sac,diagnostic,WO,2,1260984701,f6c0348427dc6c15b3715b03ee2d5db44a7c7a7d514517fb444b6e4a17999d5e,1,101.90980942435965,58
step_000400000,p0_pretraining,learned_sac,diagnostic,WO,3,2431168584,1aa4f24e63b62b7b7fd80afe8827e278f7937faadd1bea288cf894b3a7dff556,0,293.2989415933002,500
step_000400000,p0_pretraining,learned_sac,diagnostic,WO,4,2538249390,d17faa3e8b0fa07e861b3fbcd7f52ded88256c2f71d08d7bb67cf4df3282ddec,1,117.05528376465486,72
step_000400000,p0_pretraining,learned_sac,diagnostic,WO,5,2749914033,1b33de758d8ccae6f26f62fed3d54c76d3bbdf6aebcc4ab29fd5a4cac5492ef0,0,407.0148526113279,500
step_000400000,p0_pretraining,learned_sac,diagnostic,WO,6,3620248700,5e6cbe799cbcdf8b670323755e6a86dfbea395acde9d3728244adb75da2a4031,0,290.81446845787843,500
step_000400000,p0_pretraining,learned_sac,diagnostic,WO,7,2517236060,14db2dde1d4754db0587b7ddafed300ebd3ebbf278f0532e0a81380768a3893f,1,83.78628719337027,60
step_000400000,p0_pretraining,learned_sac,diagnostic,WO,8,2143249321,dfc5bd6a74ef9b029a3451c2fed85528ea819d744fe1f6ba2d308e7dc11b43cb,0,209.65535118926377,500
step_000400000,p0_pretraining,learned_sac,diagnostic,WO,9,4147036372,404ff753f538ccdd80e3b1344e56366ff7a91f52a338cc455708023e635bcda2,1,71.94224095733169,65
step_000400000,p0_pretraining,learned_sac,diagnostic,WO,10,1005656045,9e5b31e8476d65f228903ad736e4f4449a8af69c8f6bed0c61ff43917db552d8,0,284.60243843291653,500
step_000400000,p0_pretraining,learned_sac,diagnostic,WO,11,1782465989,6cbf052271f78032015bab50ae31dc91da0d1293960084bacc6e6087b962cf84,0,322.64759958769537,500
step_000400000,p0_pretraining,learned_sac,diagnostic,WO,12,3202492248,6ac260c1c1eb9caad85e8b90fb18dd0984cf021e47a7a98a9673d34c588f1882,0,278.09556464760465,500
step_000400000,p0_pretraining,learned_sac,diagnostic,WO,13,1624738690,23d763b230148b4e4e17d99d2fc846017f7201f8166a595241e1de9c8a6dda00,1,271.2809957316546,314
step_000400000,p0_pretraining,learned_sac,diagnostic,WO,14,1484125876,0d29c2e4201a9f5b1cf3250c7cbf54f12696ed3eead8a792469d6331235200e0,1,82.02701318276631,58
step_000400000,p0_pretraining,learned_sac,diagnostic,WO,15,1545369246,5be0ce7555d081cc4786e73957dac3d18f8b0001ccfd075a00baebd9f4734a86,0,253.01116530516686,500
step_000400000,p0_pretraining,learned_sac,diagnostic,WO,16,3270635089,de4ed1b08700726c0382d4995da6362b917a8628854bc0833b9eb63fee674556,0,1890.0936589796247,500
step_000400000,p0_pretraining,learned_sac,diagnostic,WO,17,3741004584,913e8b5ff11186d215596f29cf128bdb8e962cd6724623f2b1f03467a9603d11,1,98.78195227885385,64
step_000400000,p0_pretraining,learned_sac,diagnostic,WO,18,3792512368,a753f0ad9f2577e3ed10af436ccdb36898c7733e0b9141da082896f51a3c85a3,0,144.78057016544662,500
step_000400000,p0_pretraining,learned_sac,diagnostic,WO,19,3676684587,0a2b5b28378b628a99ce5bae51fb188f04df2fdb5be75a22cfc59b5d30aba711,0,220.04697834442229,500
step_000400000,p0_pretraining,learned_sac,diagnostic,WC,0,3333479105,ea922e5302b5219f040096d5009f175ff24880e6ead9ce6b13e11ffa5eabd0f2,1,84.0103958525008,51
step_000400000,p0_pretraining,learned_sac,diagnostic,WC,1,1874754874,ea722529c2fa10941a71f393b37c7f147e7266a08174373991bbf1d517a6962c,1,120.69733258054426,63
step_000400000,p0_pretraining,learned_sac,diagnostic,WC,2,2197225302,4d5b471d1628feeb97a4ab458cc38c9099d8d0de71f8f5c44ebfec100beb0e74,1,94.78585083774443,51
step_000400000,p0_pretraining,learned_sac,diagnostic,WC,3,465985232,e13ac902fee92b24a15c64884da0aa217e53cc1888b6e27125709b52e5aa17aa,1,77.75614367027242,50
step_000400000,p0_pretraining,learned_sac,diagnostic,WC,4,2210203603,e3a88ce9a80bcd7559d7cb80d378248260c8a5121895ddc0a98d09a346d317d8,1,93.52459078971856,53
step_000400000,p0_pretraining,learned_sac,diagnostic,WC,5,2295248821,0caf0d5c585a8b17efad9b5cfe8426169d9b802267f06dc3dba3fe791ae86018,1,86.69516063335215,50
step_000400000,p0_pretraining,learned_sac,diagnostic,WC,6,292119461,c48631a3f9f0de22120b2f940c31612fe19224dc0a7ad9e9b038cebaf08841e8,1,83.38084909329176,52
step_000400000,p0_pretraining,learned_sac,diagnostic,WC,7,4152722239,bdf07a59bf67477676e558bae888c3ea753f6ea61160d371235f673181f6d6f2,1,112.02387984931464,53
step_000400000,p0_pretraining,learned_sac,diagnostic,WC,8,545571014,c01a9e76c50eb7432d5163b3dfbb206415dd10fcfce3c140855e01438c7ed0b3,1,92.60518010219769,53
step_000400000,p0_pretraining,learned_sac,diagnostic,WC,9,640704407,08051498fbd7fdd0a8f3af238d68ce4a0d4dd7066481571b927ee07881366f61,1,108.70908156543675,59
step_000400000,p0_pretraining,learned_sac,diagnostic,WC,10,1778442713,39deca2d75895ae710a2aa20606428caae20d44de328094bf43d31cd3e14cb1c,1,77.76632880679165,51
step_000400000,p0_pretraining,learned_sac,diagnostic,WC,11,1118651770,4190f5d53fe56e825749cf9e5a6eaf956d8741ce32d295f98c80e2e603702a32,1,81.81969571013953,51
step_000400000,p0_pretraining,learned_sac,diagnostic,WC,12,2902951356,63f9d4e7eac6388ffa029241eea4a2062772298a116ffbae2ef9494d520a49aa,1,103.66901902486335,53
step_000400000,p0_pretraining,learned_sac,diagnostic,WC,13,952707212,8b204120ca992c68f36e6c467b851ef538e6a3d5a757d68192abe25e2077809e,1,98.89900130136706,52
step_000400000,p0_pretraining,learned_sac,diagnostic,WC,14,3325184969,9d86c8cfa6cf900fe202f2a7107a9204c313b05c1306820a24694b167a15ff4b,1,80.71045574060707,52
step_000400000,p0_pretraining,learned_sac,diagnostic,WC,15,767493788,6aa100bdb9e157204ea19afbfb185c8c02777f07e6b01e60ddf0742459947dfa,1,84.03620787650554,51
step_000400000,p0_pretraining,learned_sac,diagnostic,WC,16,3104923804,23fcca0e15415210bea249b7161d551e399c98d12eb946f97f771c85161e545d,1,87.92004086439091,51
step_000400000,p0_pretraining,learned_sac,diagnostic,WC,17,4077572501,87ede365e576a597e0f6a23af89a2d12baa3b36594548820c854a48645f6b060,1,96.38185296107282,52
step_000400000,p0_pretraining,learned_sac,diagnostic,WC,18,960655476,be6ef3eb96c19508a54f63d1ad88037b4b8a9898e8be6be99d80e38d8d98c5c3,1,94.4035030279531,52
step_000400000,p0_pretraining,learned_sac,diagnostic,WC,19,2507272140,0334dbbb034390f61b984ae66007e480bc912ac1cf502568cb916153ce86f394,1,93.50766674735353,50
