evaluation_id,context,policy_type,bank,task,episode_index,seed,initial_state_hash,success,return,length
step_000000000,p0_runner_validation,learned_sac,diagnostic,DO,0,828170652,113a16f1cd29ca8a5cddcc5a1e6323bce5dd1e1ea80af72ad2442d0862bfa8d0,0,607.286001424184,500
step_000000000,p0_runner_validation,learned_sac,diagnostic,DO,1,1369776720,d8e24c26725b2ce2c9ec5d59f9437d4574a6b65769dbb0d450678ad05fe14af9,0,605.8334621227542,500
step_000000000,p0_runner_validation,learned_sac,diagnostic,DC,0,1853284648,9bdab84d4b7703b65f6ebcd5106b2d6e795b27c5d9905d489a48636eb641f2e7,0,4.422035480356355,500
step_000000000,p0_runner_validation,learned_sac,diagnostic,DC,1,2499529532,fc24d502c00f6ec6b712e4fbbefcdafb2626f91ecfbf04bd0f3898945eb1b578,0,1.7068703178821854,500
step_000000000,p0_runner_validation,learned_sac,diagnostic,WO,0,929048685,c7e0d5527e52738105711a019dbfbc03e3ae3840fc79515c86a60c4704113691,0,246.87170393084386,500
step_000000000,p0_runner_validation,learned_sac,diagnostic,WO,1,1722707334,d52aa036e4650750568bc61b04c59cf4f958b7f2f1f5d43667555d5f3da828cd,0,234.1572944924533,500
step_000000000,p0_runner_validation,learned_sac,diagnostic,WC,0,3333479105,ea922e5302b5219f040096d5009f175ff24880e6ead9ce6b13e11ffa5eabd0f2,0,209.77335280896392,500
step_000000000,p0_runner_validation,learned_sac,diagnostic,WC,1,1874754874,ea722529c2fa10941a71f393b37c7f147e7266a08174373991bbf1d517a6962c,0,82.0016653666246,500
step_000004000,p0_runner_validation,learned_sac,diagnostic,DO,0,828170652,113a16f1cd29ca8a5cddcc5a1e6323bce5dd1e1ea80af72ad2442d0862bfa8d0,0,638.0038372980495,500
step_000004000,p0_runner_validation,learned_sac,diagnostic,DO,1,1369776720,d8e24c26725b2ce2c9ec5d59f9437d4574a6b65769dbb0d450678ad05fe14af9,0,635.7285971323408,500
step_000004000,p0_runner_validation,learned_sac,diagnostic,DC,0,1853284648,9bdab84d4b7703b65f6ebcd5106b2d6e795b27c5d9905d489a48636eb641f2e7,0,63.776048976927996,500
step_000004000,p0_runner_validation,learned_sac,diagnostic,DC,1,2499529532,fc24d502c00f6ec6b712e4fbbefcdafb2626f91ecfbf04bd0f3898945eb1b578,0,23.035026715663395,500
step_000004000,p0_runner_validation,learned_sac,diagnostic,WO,0,929048685,c7e0d5527e52738105711a019dbfbc03e3ae3840fc79515c86a60c4704113691,0,234.94465849466243,500
step_000004000,p0_runner_validation,learned_sac,diagnostic,WO,1,1722707334,d52aa036e4650750568bc61b04c59cf4f958b7f2f1f5d43667555d5f3da828cd,0,215.95594474046044,500
step_000004000,p0_runner_validation,learned_sac,diagnostic,WC,0,3333479105,ea922e5302b5219f040096d5009f175ff24880e6ead9ce6b13e11ffa5eabd0f2,0,218.63959696262458,500
step_000004000,p0_runner_validation,learned_sac,diagnostic,WC,1,1874754874,ea722529c2fa10941a71f393b37c7f147e7266a08174373991bbf1d517a6962c,0,86.50464959596619,500
step_000008000,p0_runner_validation,learned_sac,diagnostic,DO,0,828170652,113a16f1cd29ca8a5cddcc5a1e6323bce5dd1e1ea80af72ad2442d0862bfa8d0,0,488.10765394092033,500
step_000008000,p0_runner_validation,learned_sac,diagnostic,DO,1,1369776720,d8e24c26725b2ce2c9ec5d59f9437d4574a6b65769dbb0d450678ad05fe14af9,0,487.8939462605646,500
step_000008000,p0_runner_validation,learned_sac,diagnostic,DC,0,1853284648,9bdab84d4b7703b65f6ebcd5106b2d6e795b27c5d9905d489a48636eb641f2e7,0,8.456998355073155,500
step_000008000,p0_runner_validation,learned_sac,diagnostic,DC,1,2499529532,fc24d502c00f6ec6b712e4fbbefcdafb2626f91ecfbf04bd0f3898945eb1b578,0,18.23658048124689,500
step_000008000,p0_runner_validation,learned_sac,diagnostic,WO,0,929048685,c7e0d5527e52738105711a019dbfbc03e3ae3840fc79515c86a60c4704113691,0,266.08238331723766,500
step_000008000,p0_runner_validation,learned_sac,diagnostic,WO,1,1722707334,d52aa036e4650750568bc61b04c59cf4f958b7f2f1f5d43667555d5f3da828cd,0,246.44943435440837,500
step_000008000,p0_runner_validation,learned_sac,diagnostic,WC,0,3333479105,ea922e5302b5219f040096d5009f175ff24880e6ead9ce6b13e11ffa5eabd0f2,0,400.6015648287839,500
step_000008000,p0_runner_validation,learned_sac,diagnostic,WC,1,1874754874,ea722529c2fa10941a71f393b37c7f147e7266a08174373991bbf1d517a6962c,0,325.72163565527995,500
