step,episode,task,success,return,length,initial_state_hash
500,1,DC,False,7.6534639771415485,500,82885fac45e113b9a21ec45315c65b72d33086e6805f86d97a79a8bf128bbdbb
1000,2,WO,False,238.09941576643163,500,87825c9aed3ef70368b52ab6720c474dc9630b0f514b7ccba54e47f28da93ebf
1500,3,WC,False,366.05122262649735,500,392e6bf60ada09684bf1c89522a23af36641ccffdbb1bbc425efba14603849ad
2000,4,DO,False,595.7051810573005,500,719c468a8f7039b36ef470d6362b390857933ee22a96b7eeae9443e957683302
2500,5,WO,False,263.81616018765396,500,7ee75c475e18947bc202f246f22fa38a1c34603f3d2672f5d61e77e246f544a3
3000,6,DO,False,431.63160621127264,500,a8077e61ef1d658cebe930ed8811a98abe964782a4d5d57fb954480a78f91bd5
3500,7,DC,False,26.472203198713558,500,5d2d5e47d14b21f3741bbb1246b6564a6798ab2f3f37bc7a0d65b2c2dc5f8d29
4000,8,WC,False,364.5040120114674,500,7881050cd1dfaf0add9d4c4c68e7b8d8aa439cd16e2efc37cbc450043922dfad
4500,9,DC,False,38.437748464653836,500,515c4d6c0a008c436e1bfe54c39067f2c6288b8f3bb10e0bf9fd7802110a90ec
5000,10,DO,False,715.2224476952662,500,55e3ede8296a47f2d563981f5201ba995da030fc277b3bf4021fc5f0baeeb528
5500,11,WO,False,204.49834050992078,500,881fa728389e1d1dd30fa2c8a638954a8ddb2b9f1e1e4c4f6b1ac28b04ac48cd
6000,12,DO,False,509.566413671161,500,3dd9cc24bc7203a22d18670bf1ae8b9b3c83f7ad198f574e4bcfc1ec2fe9c27d
6500,13,DC,False,3.223290684320929,500,394c3a59564b12358716eaacf993fdd049634e9451d5c7e7d9498606d0d615ea
7000,14,WO,False,250.0827313487109,500,e8056b887dba5e80763cfd934c3983a4557c8d29c8bb60156680b85c72058536
7500,15,WC,False,248.80769214321705,500,43debafa300eb0f7f11d1fdedb5f8c0592e471b3d2fdc07443f3cc5746d7d20b
8000,16,WC,False,399.1083835117226,500,fbb91f21ffd955c2d68abf3b324543ac8678bbb570e57876482da8717fc58773
