step,episode,task,success,return,length,initial_state_hash
200500,401,DC,True,4815.653746223077,500,68706550c445c90193801f268c29069622813fe2f05d613153860086748553bd
201000,402,DC,True,4856.6960273087025,500,c9223b159e17acbdcf1915aca179f61cd0d25f7995c8d2f23944661e0e5459a5
201500,403,DO,True,2951.480332488057,500,4c5cc54e06561dc6f23728ecd2eb71040297aacf54750bfa3179f9642cbf4839
202000,404,DC,True,4815.343310311437,500,4673eea28a9d9b1f2acd41a28ae1ee1221286d02616a37c843c9a40a45362af9
202500,405,DC,True,4842.696900190109,500,6d059ba640205594847606f2ae67843ff7be4035fb3e1241d3a16ebbced43e02
203000,406,WO,False,253.95333994536543,500,97a1a41171a0cf73943d40d90bf548111673028387b41706854292a2ced95977
203500,407,WC,True,1576.6990609005302,500,2ef77f1e614bf133742b3c9b1c93d17052ffc094fd3002a1fc412eb1623e2aef
204000,408,DC,True,4865.495837420225,500,e4416552a6f1ba118a70f66f52b923f63dbe4ac7d7ea4369f071c982daa27013
204500,409,DC,True,4842.139668237702,500,cdf05cd91f97ab94cc35081185c08ac56a8cd3cc6afdc19ebcd77e6d86efe12d
205000,410,DC,True,4871.761479884386,500,71777b22ba03d38c657300dd05ad3fd0b538ac6950d90082929871b9d6de37f6
205500,411,DC,True,4860.0,500,5f5efed60c9dc34c9c76c026c009dc55a6faea545e72347db86298f6a182965c
206000,412,DC,True,922.5341730626042,500,6ca82995e1ec1ec2cd8c8ee6e2f5c791362b304557ed0eef9c14c2914494c963
206500,413,DO,False,901.4104615775418,500,5712a8ad9cef437a98ab0ee26f6cacf56638a7864daa1f93b0c9a306bb8ee6c2
207000,414,DC,True,4842.198661900689,500,12620f4b1ce81d38ba19436fec6d1d016713a95b8c17b4388a6301003d2b8c26
207500,415,WC,False,989.5405473735083,500,302975249ae7d747de50995c3e999502098d49f8256fac0da435d11f59ea481f
208000,416,WO,False,185.2722258284565,500,5d52ca741ac5f7c6d3d8e889b78eab6b8c108f91867e877fe6184923a7e41585
208500,417,DC,True,2419.207642197609,500,af0de961c7ef9482516b7ebcaf046435f1c4839fc891edbb8304852a4971ed1f
209000,418,DC,True,4816.440380513668,500,ec3e5cf00bff7ee5d99b522f518056e3a265569489024f523acc58e37c77a256
209500,419,DC,True,4560.029779396631,500,c3f757a9465f13e2184b8e28784b0ebfb35454f5c4f652c852f89e9c46a7c786
210000,420,DC,True,4860.0,500,51531749c61c33b12edaa2d2995e748e2cc468bfbd1560b4b8114e28b82e525d
210500,421,WC,True,4088.1082047628265,500,7b0ad94864f2b6eb1e05033d7f36bd9afdb347099fef79d4f13b7b1f49f2b612
211000,422,DO,False,2114.6144209766903,500,a16caac70c19095400e35fc92b2ad644ab6d29aecddc838b9f65025de9f5ff86
211500,423,DC,True,4819.101829856634,500,c0901921e3ecacc842cbfb2a8aa5f68a0ff98eaa3a02fd86bc13a5001c96cfe3
212000,424,WO,False,218.81337795455877,500,8ac387282506f890a3235506fca1702c905a4fb5949c3bc8adfb832b8a585df1
212500,425,DC,True,4857.060292571783,500,26d248425f0348e61136877e1ea47b99c253c00e45d0f2be99a02ee8e259a20a
213000,426,DC,True,4842.141105734054,500,321304e13a90f39f932a1ec0840b8876e2078052f843dc3f8fa385b1f5ae65e9
213500,427,DC,True,4871.755414053798,500,c7d4ad9bca01372bc38e7854bb2f4edc413f6025f6eee7bc42e136999ac7daf4
214000,428,WC,True,1050.6556841167067,500,b14c1932a3ffe881da0c9fda0641059b90cdbba7d12b2c25fdeca4b7dbff2525
214500,429,WO,False,311.682778841653,500,47fd6400e5bb28372b265cf50063ebaf590a59763f9405a900d71c91b7018c9a
215000,430,DC,True,4817.315069913864,500,e9a2e9b282660462ddc9e4e1800c1de2f078b1f89d5774ff01a3dad940e101a9
215500,431,DO,False,843.6149080157396,500,3bfb69eb58752f6f5a42858d24d7ce10871bce7f4d002893eb96b6a3209f2836
216000,432,DC,True,4842.094688017807,500,c611f37e428804bfc6f9f3caf21d805711627b8badd2567e33cc6b00250955b5
216500,433,DC,True,4834.484907690436,500,4220b3503ed5adb9af176e0cba15d5ea2adc68fe7bdcdbddeae9e77c61d535af
217000,434,DC,True,4835.400060143322,500,e9cb342e3d3019f0635bd659cdc2447a2b48d2d62d0c8cc100d5be04114eb483
217500,435,WC,True,3948.658386137164,500,30d62aed41d7c8b830d629ab047a6a26d03a94e403e7e3f402e3fe096169188e
218000,436,WO,False,262.7177980553006,500,6702d24add2e1bacb68f6dba9dfa49475e514015e211fd9be9e0e4db25b792d4
218500,437,DC,True,4817.503204792738,500,d40151ffa8a2050ef50ae875c352242ab3f5922ded03dd243f77d5bb311fd50b
219000,438,DC,True,4842.867765077855,500,29b90daf26e94c67ee8a7c2b71809e2e7f37f3dfb546f14f58f56a20587811f3
219500,439,DC,True,4818.0892552137375,500,e0f5c5a1ab6fa15727dda83d373531b36e62719b4bfe5496c3b41f8b2eaf49b3
220000,440,DO,False,1968.9689760125264,500,609edf9f6ddf37e0edf87f5e3e5b834729df740983df5a6ce5d4bea072ab0d6f
220500,441,DC,True,4860.0,500,029f0289c4a9f2ba1f6da45ceebf2b4c1821dcb49b93733d53d3e1702416d97f
221000,442,DC,True,4842.539874336112,500,78d8b8c2bb284f3fce75870ecd4adab271722c9738142dffd7c69a65483a2d47
221500,443,WO,False,232.79616624866748,500,cdd152ea200a61cf393112f8d0efeb6acd2e6d067890645b207c4d5ea3f8f2c7
222000,444,DC,True,4844.249463716522,500,4e1967188cd8131482e2f1a8220391c0d1c6fad350339480a866483682c77214
222500,445,DO,False,1022.7068725573048,500,f17f5d995b3838fee480f81950736af08914682cde0985d2b740e895e3e43141
223000,446,DC,True,4860.0,500,b1949f5b2c0eb2a849c86792659545249f630ce78885b6abec134dca9335d37c
223500,447,WC,True,4020.5037596093,500,04dbc3c0f7ee93a824b3477a8a15c2f1770e5382f340037b0e0e4133f71cf408
224000,448,DC,True,4818.26422855258,500,1d5d40e3f67e8219b85955e5f99a777691d7ab04c28929ae24dcef4c6b734fd2
224500,449,WC,True,4077.789073048085,500,e96bf7c87e535f292a495ac1a0c8185c058416efba490c26762df99ac4ff5418
225000,450,DC,True,4862.229050381109,500,d23eb5db0e41b37a5de3509c3fc15ae7cc33f8404f308a3dbdb7217afdc221a2
225500,451,DC,True,4860.143967077136,500,5ec2f81cb9d3281056197b4064ab7e0e09efbffc81b2f349da85103f4ed6ebac
226000,452,DO,False,592.9779944138999,500,625b16eff3790ad88c1032589a22bc122108c6ad2d0ca4c552726c9507da281e
226500,453,DC,True,4817.715058416128,500,221d76d817543f98bcdd53d380f1eaf8f29cde6fa9eb6daf36ebc4eeae623675
227000,454,WO,False,232.11938727254088,500,0f3a822bdaf0e08bea4affd5c854f3fb7247033ed2883531734d00c479972e7f
227500,455,DC,True,4870.0,500,b393e4a2d2073d34e57775dbc8fcbebca9d900c17453b5a0746b25db24f4710c
228000,456,DC,True,4835.533669814467,500,9e7baf09b28a23da15d7897def354c671f44845642b89b0e9aec4e19903db6c2
228500,457,DC,True,4843.556721847504,500,f61290b58ccc8fd4043af4c305b004cfeabe6315cf16fcadbef191eb42bd9e15
229000,458,DO,False,626.0515469648759,500,57dc73489b2f16a5d90c2a0d959d93d71f85210bf4e73aa6130b02182287dc53
229500,459,WC,True,4394.467926972862,500,ae9f9df404b1240f283303ffeaae7488384a6c1415d528061aa84524ce6b979f
230000,460,DC,True,4870.0,500,056f1a4322c518c4de0a82e0392e9da2d721277fefad173fbddcc213f575ef56
230500,461,WO,False,286.25230095635874,500,0e1fa53657705eda5ad1607be3d4c58bc77d79e64d1984c152a7b782fd6699c2
231000,462,DC,True,4843.848840070888,500,969b75e11e4e84bace583cd8e9248ed0e2bc64100d47b5132811e30cb9382e8f
231500,463,DC,True,4817.485653042793,500,080c6bbe1e7732445135488ad37c44ff93a51603378b309ada4b806d6c37e989
232000,464,DC,True,4860.0,500,6306aec6cd27c90bd2674a6b1660e043792907dffb2b33139615e63193a83347
232500,465,DO,False,2268.852281467805,500,807f4db5d96ff0fcfb1eb6d995a69da5bee63ef5d4be3a2de46d3c8ea91c2155
233000,466,DC,True,4842.5407515597035,500,aba124171733ef77e57c670b3efdc77f70f1b9c1ec218bef04c8eaf99a6b9c1e
233500,467,DC,True,4860.0,500,91d1bf663e4a24c4624e79fe08ba74b573d29bb0ae0def37125877100c840bd1
234000,468,DC,True,2040.0012429600438,500,0854ca3b48450c659533b79a7c8cf17ed164792ab3c76ac3742a729cd580dd39
234500,469,DC,True,4870.0,500,4121bf7d7231e215b4a6553848d321292a96300dc6c3239adcfec67eac838bd5
235000,470,WO,False,237.45513451425398,500,56929250ddc98df5a1bddce850600f1a0c26061f099d2a3f3bc6ab34be5fab06
235500,471,DC,True,4860.0,500,a50a62e08381443531a8f6f22407c3b447ba6c35e0c0fc592ad734b6163e879e
236000,472,WC,True,3086.81099826262,500,7a623d6a414f79658a1f4402d537593f699001e3f4285316fa697552a2702dee
236500,473,DO,False,1425.2095066004842,500,7f2b831179ef9c2727e46e2844c08253d4b6b3b10db65a2f21139669feb0a908
237000,474,WC,True,3524.0329920913327,500,3a68d74a014c32f6bfeb1200f0d14e4da03fed92e3ab32dcc2daafa6a7d451b6
237500,475,DC,True,4860.0,500,28da8a85c08146bb4ed577a7997d4b7075771c234fa2b71433b9cdf8f05457eb
238000,476,DC,True,4817.078504294157,500,5ce0209d7281f2141ce087d2a4a77480c78894ddfd369729e8f091b3a8531ec4
238500,477,DC,True,4862.710609599948,500,acfef59e93d825c6cd8bae384ecbb85fb3d56f539f23bd523f50b982d35604f0
239000,478,DC,True,4816.8751074671745,500,a31d692dde1786bd73ba5e1384b15f0af16fa2a73eb64bc1087a79260f48a6e8
239500,479,WO,False,224.71863466105827,500,7113e63c2b30bd335287e1315fb69498a11d2898dbbc7b0ca3f66637f6297ce3
240000,480,DC,True,4860.0,500,1aa8e5b55b9d740a9336f8c66ec873d4361542d98a377067816fe669b1133249
