original_seed,parent_step,repeat_seed,candidate,additional_steps,macro_success,gain_pp,extra_gain_vs_uniform_pp,max_drop_pp,worst_task_success,success_DO,success_DC,success_WO,success_WC
901,200000,1903,U,20000,0.5,1.5000000000000013,0.0,4.0,0.0,0.12,1.0,0.0,0.88
901,200000,1903,U,40000,0.53,4.5000000000000036,0.0,4.0,0.0,0.12,1.0,0.0,1.0
901,200000,1903,F_DO,20000,0.325,-15.999999999999998,-17.5,84.0,0.0,0.2,1.0,0.1,0.0
901,200000,1903,F_DO,40000,0.52,3.500000000000003,-1.0000000000000009,4.0,0.0,0.08,1.0,0.0,1.0
901,200000,1903,F_DC,20000,0.4,-8.499999999999996,-9.999999999999998,27.999999999999993,0.02,0.02,1.0,0.02,0.56
901,200000,1903,F_DC,40000,0.595,10.999999999999998,6.499999999999995,0,0.18,0.2,1.0,0.18,1.0
901,200000,1903,F_WO,20000,0.265,-21.999999999999996,-23.5,84.0,0.0,0.06,1.0,0.0,0.0
901,200000,1903,F_WO,40000,0.555,7.000000000000006,2.500000000000002,3.9999999999999925,0.08,0.34,1.0,0.08,0.8
901,200000,1903,F_WC,20000,0.495,1.0000000000000009,-0.5000000000000004,6.0,0.0,0.0,1.0,0.0,0.98
901,200000,1903,F_WC,40000,0.56,7.500000000000007,3.0000000000000027,4.0,0.0,0.24,1.0,0.0,1.0
901,200000,1904,U,20000,0.41500000000000004,-6.999999999999995,0.0,29.999999999999993,0.04,0.08,1.0,0.04,0.54
901,200000,1904,U,40000,0.42,-6.5,0.0,34.0,0.02,0.16,1.0,0.02,0.5
901,200000,1904,F_DO,20000,0.5499999999999999,6.499999999999995,13.49999999999999,0,0.08,0.18,1.0,0.08,0.94
901,200000,1904,F_DO,40000,0.52,3.500000000000003,10.000000000000004,2.0,0.02,0.06,1.0,0.02,1.0
901,200000,1904,F_DC,20000,0.46,-2.4999999999999964,4.499999999999998,9.999999999999998,0.02,0.08,1.0,0.02,0.74
901,200000,1904,F_DC,40000,0.5,1.5000000000000013,8.000000000000002,2.0,0.02,0.1,1.0,0.02,0.88
901,200000,1904,F_WO,20000,0.51,2.500000000000002,9.499999999999996,3.9999999999999996,0.02,0.02,1.0,0.02,1.0
901,200000,1904,F_WO,40000,0.57,8.499999999999996,14.999999999999996,0,0.08,0.2,1.0,0.08,1.0
901,200000,1904,F_WC,20000,0.5,1.5000000000000013,8.499999999999996,14.000000000000002,0.02,0.28,1.0,0.02,0.7
901,200000,1904,F_WC,40000,0.565,7.9999999999999964,14.499999999999996,0,0.06,0.2,1.0,0.06,1.0
901,200000,1905,U,20000,0.5,1.5000000000000013,0.0,6.0,0.0,0.0,1.0,0.0,1.0
901,200000,1905,U,40000,0.52,3.500000000000003,0.0,0,0.04,0.08,1.0,0.04,0.96
901,200000,1905,F_DO,20000,0.485,0.0,-1.5000000000000013,6.0,0.0,0.0,1.0,0.0,0.94
901,200000,1905,F_DO,40000,0.44,-4.499999999999998,-8.000000000000002,31.999999999999996,0.02,0.22,1.0,0.02,0.52
901,200000,1905,F_DC,20000,0.525,4.0000000000000036,2.500000000000002,3.9999999999999996,0.02,0.02,1.0,0.12,0.96
901,200000,1905,F_DC,40000,0.555,7.000000000000006,3.500000000000003,2.0,0.02,0.34,1.0,0.02,0.86
901,200000,1905,F_WO,20000,0.45,-3.4999999999999973,-4.999999999999999,6.0,0.0,0.0,1.0,0.02,0.78
901,200000,1905,F_WO,40000,0.535,5.000000000000004,1.5000000000000013,4.0,0.0,0.16,1.0,0.0,0.98
901,200000,1905,F_WC,20000,0.435,-4.999999999999999,-6.5,15.999999999999993,0.0,0.06,1.0,0.0,0.68
901,200000,1905,F_WC,40000,0.5,1.5000000000000013,-2.0000000000000018,6.0,0.0,0.0,1.0,0.0,1.0
