repeat_seed,candidate,additional_steps,task,reference,episodes,new_successes,lost_successes,persistent_successes,persistent_failures
1903,U,20000,DO,baseline,50,6,3,0,41
1903,U,20000,DO,uniform,50,0,0,6,44
1903,U,20000,DC,baseline,50,0,0,50,0
1903,U,20000,DC,uniform,50,0,0,50,0
1903,U,20000,WO,baseline,50,0,2,0,48
1903,U,20000,WO,uniform,50,0,0,0,50
1903,U,20000,WC,baseline,50,3,1,41,5
1903,U,20000,WC,uniform,50,0,0,44,6
1903,U,40000,DO,baseline,50,6,3,0,41
1903,U,40000,DO,uniform,50,0,0,6,44
1903,U,40000,DC,baseline,50,0,0,50,0
1903,U,40000,DC,uniform,50,0,0,50,0
1903,U,40000,WO,baseline,50,0,2,0,48
1903,U,40000,WO,uniform,50,0,0,0,50
1903,U,40000,WC,baseline,50,8,0,42,0
1903,U,40000,WC,uniform,50,0,0,50,0
1903,F_DO,20000,DO,baseline,50,9,2,1,38
1903,F_DO,20000,DO,uniform,50,7,3,3,37
1903,F_DO,20000,DC,baseline,50,0,0,50,0
1903,F_DO,20000,DC,uniform,50,0,0,50,0
1903,F_DO,20000,WO,baseline,50,5,2,0,43
1903,F_DO,20000,WO,uniform,50,5,0,0,45
1903,F_DO,20000,WC,baseline,50,0,42,0,8
1903,F_DO,20000,WC,uniform,50,0,44,0,6
1903,F_DO,40000,DO,baseline,50,4,3,0,43
1903,F_DO,40000,DO,uniform,50,4,6,0,40
1903,F_DO,40000,DC,baseline,50,0,0,50,0
1903,F_DO,40000,DC,uniform,50,0,0,50,0
1903,F_DO,40000,WO,baseline,50,0,2,0,48
1903,F_DO,40000,WO,uniform,50,0,0,0,50
1903,F_DO,40000,WC,baseline,50,8,0,42,0
1903,F_DO,40000,WC,uniform,50,0,0,50,0
1903,F_DC,20000,DO,baseline,50,1,3,0,46
1903,F_DC,20000,DO,uniform,50,1,6,0,43
1903,F_DC,20000,DC,baseline,50,0,0,50,0
1903,F_DC,20000,DC,uniform,50,0,0,50,0
1903,F_DC,20000,WO,baseline,50,1,2,0,47
1903,F_DC,20000,WO,uniform,50,1,0,0,49
1903,F_DC,20000,WC,baseline,50,0,14,28,8
1903,F_DC,20000,WC,uniform,50,0,16,28,6
1903,F_DC,40000,DO,baseline,50,8,1,2,39
1903,F_DC,40000,DO,uniform,50,10,6,0,34
1903,F_DC,40000,DC,baseline,50,0,0,50,0
1903,F_DC,40000,DC,uniform,50,0,0,50,0
1903,F_DC,40000,WO,baseline,50,9,2,0,39
1903,F_DC,40000,WO,uniform,50,9,0,0,41
1903,F_DC,40000,WC,baseline,50,8,0,42,0
1903,F_DC,40000,WC,uniform,50,0,0,50,0
1903,F_WO,20000,DO,baseline,50,3,3,0,44
1903,F_WO,20000,DO,uniform,50,2,5,1,42
1903,F_WO,20000,DC,baseline,50,0,0,50,0
1903,F_WO,20000,DC,uniform,50,0,0,50,0
1903,F_WO,20000,WO,baseline,50,0,2,0,48
1903,F_WO,20000,WO,uniform,50,0,0,0,50
1903,F_WO,20000,WC,baseline,50,0,42,0,8
1903,F_WO,20000,WC,uniform,50,0,44,0,6
1903,F_WO,40000,DO,baseline,50,16,2,1,31
1903,F_WO,40000,DO,uniform,50,14,3,3,30
1903,F_WO,40000,DC,baseline,50,0,0,50,0
1903,F_WO,40000,DC,uniform,50,0,0,50,0
1903,F_WO,40000,WO,baseline,50,4,2,0,44
1903,F_WO,40000,WO,uniform,50,4,0,0,46
1903,F_WO,40000,WC,baseline,50,4,6,36,4
1903,F_WO,40000,WC,uniform,50,0,10,40,0
1903,F_WC,20000,DO,baseline,50,0,3,0,47
1903,F_WC,20000,DO,uniform,50,0,6,0,44
1903,F_WC,20000,DC,baseline,50,0,0,50,0
1903,F_WC,20000,DC,uniform,50,0,0,50,0
1903,F_WC,20000,WO,baseline,50,0,2,0,48
1903,F_WC,20000,WO,uniform,50,0,0,0,50
1903,F_WC,20000,WC,baseline,50,7,0,42,1
1903,F_WC,20000,WC,uniform,50,5,0,44,1
1903,F_WC,40000,DO,baseline,50,9,0,3,38
1903,F_WC,40000,DO,uniform,50,9,3,3,35
1903,F_WC,40000,DC,baseline,50,0,0,50,0
1903,F_WC,40000,DC,uniform,50,0,0,50,0
1903,F_WC,40000,WO,baseline,50,0,2,0,48
1903,F_WC,40000,WO,uniform,50,0,0,0,50
1903,F_WC,40000,WC,baseline,50,8,0,42,0
1903,F_WC,40000,WC,uniform,50,0,0,50,0
1904,U,20000,DO,baseline,50,3,2,1,44
1904,U,20000,DO,uniform,50,0,0,4,46
1904,U,20000,DC,baseline,50,0,0,50,0
1904,U,20000,DC,uniform,50,0,0,50,0
1904,U,20000,WO,baseline,50,1,1,1,47
1904,U,20000,WO,uniform,50,0,0,2,48
1904,U,20000,WC,baseline,50,0,15,27,8
1904,U,20000,WC,uniform,50,0,0,27,23
1904,U,40000,DO,baseline,50,7,2,1,40
1904,U,40000,DO,uniform,50,0,0,8,42
1904,U,40000,DC,baseline,50,0,0,50,0
1904,U,40000,DC,uniform,50,0,0,50,0
1904,U,40000,WO,baseline,50,1,2,0,47
1904,U,40000,WO,uniform,50,0,0,1,49
1904,U,40000,WC,baseline,50,7,24,18,1
1904,U,40000,WC,uniform,50,0,0,25,25
1904,F_DO,20000,DO,baseline,50,7,1,2,40
1904,F_DO,20000,DO,uniform,50,6,1,3,40
1904,F_DO,20000,DC,baseline,50,0,0,50,0
1904,F_DO,20000,DC,uniform,50,0,0,50,0
1904,F_DO,20000,WO,baseline,50,4,2,0,44
1904,F_DO,20000,WO,uniform,50,4,2,0,44
1904,F_DO,20000,WC,baseline,50,5,0,42,3
1904,F_DO,20000,WC,uniform,50,20,0,27,3
1904,F_DO,40000,DO,baseline,50,3,3,0,44
1904,F_DO,40000,DO,uniform,50,3,8,0,39
1904,F_DO,40000,DC,baseline,50,0,0,50,0
1904,F_DO,40000,DC,uniform,50,0,0,50,0
1904,F_DO,40000,WO,baseline,50,1,2,0,47
1904,F_DO,40000,WO,uniform,50,1,1,0,48
1904,F_DO,40000,WC,baseline,50,8,0,42,0
1904,F_DO,40000,WC,uniform,50,25,0,25,0
1904,F_DC,20000,DO,baseline,50,4,3,0,43
1904,F_DC,20000,DO,uniform,50,4,4,0,42
1904,F_DC,20000,DC,baseline,50,0,0,50,0
1904,F_DC,20000,DC,uniform,50,0,0,50,0
1904,F_DC,20000,WO,baseline,50,0,1,1,48
1904,F_DC,20000,WO,uniform,50,0,1,1,48
1904,F_DC,20000,WC,baseline,50,3,8,34,5
1904,F_DC,20000,WC,uniform,50,11,1,26,12
1904,F_DC,40000,DO,baseline,50,5,3,0,42
1904,F_DC,40000,DO,uniform,50,3,6,2,39
1904,F_DC,40000,DC,baseline,50,0,0,50,0
1904,F_DC,40000,DC,uniform,50,0,0,50,0
1904,F_DC,40000,WO,baseline,50,1,2,0,47
1904,F_DC,40000,WO,uniform,50,0,0,1,49
1904,F_DC,40000,WC,baseline,50,4,2,40,4
1904,F_DC,40000,WC,uniform,50,23,4,21,2
1904,F_WO,20000,DO,baseline,50,1,3,0,46
1904,F_WO,20000,DO,uniform,50,0,3,1,46
1904,F_WO,20000,DC,baseline,50,0,0,50,0
1904,F_WO,20000,DC,uniform,50,0,0,50,0
1904,F_WO,20000,WO,baseline,50,1,2,0,47
1904,F_WO,20000,WO,uniform,50,1,2,0,47
1904,F_WO,20000,WC,baseline,50,8,0,42,0
1904,F_WO,20000,WC,uniform,50,23,0,27,0
1904,F_WO,40000,DO,baseline,50,8,1,2,39
1904,F_WO,40000,DO,uniform,50,5,3,5,37
1904,F_WO,40000,DC,baseline,50,0,0,50,0
1904,F_WO,40000,DC,uniform,50,0,0,50,0
1904,F_WO,40000,WO,baseline,50,4,2,0,44
1904,F_WO,40000,WO,uniform,50,4,1,0,45
1904,F_WO,40000,WC,baseline,50,8,0,42,0
1904,F_WO,40000,WC,uniform,50,25,0,25,0
1904,F_WC,20000,DO,baseline,50,14,3,0,33
1904,F_WC,20000,DO,uniform,50,13,3,1,33
1904,F_WC,20000,DC,baseline,50,0,0,50,0
1904,F_WC,20000,DC,uniform,50,0,0,50,0
1904,F_WC,20000,WO,baseline,50,1,2,0,47
1904,F_WC,20000,WO,uniform,50,1,2,0,47
1904,F_WC,20000,WC,baseline,50,5,12,30,3
1904,F_WC,20000,WC,uniform,50,8,0,27,15
1904,F_WC,40000,DO,baseline,50,10,3,0,37
1904,F_WC,40000,DO,uniform,50,6,4,4,36
1904,F_WC,40000,DC,baseline,50,0,0,50,0
1904,F_WC,40000,DC,uniform,50,0,0,50,0
1904,F_WC,40000,WO,baseline,50,3,2,0,45
1904,F_WC,40000,WO,uniform,50,3,1,0,46
1904,F_WC,40000,WC,baseline,50,8,0,42,0
1904,F_WC,40000,WC,uniform,50,25,0,25,0
1905,U,20000,DO,baseline,50,0,3,0,47
1905,U,20000,DO,uniform,50,0,0,0,50
1905,U,20000,DC,baseline,50,0,0,50,0
1905,U,20000,DC,uniform,50,0,0,50,0
1905,U,20000,WO,baseline,50,0,2,0,48
1905,U,20000,WO,uniform,50,0,0,0,50
1905,U,20000,WC,baseline,50,8,0,42,0
1905,U,20000,WC,uniform,50,0,0,50,0
1905,U,40000,DO,baseline,50,3,2,1,44
1905,U,40000,DO,uniform,50,0,0,4,46
1905,U,40000,DC,baseline,50,0,0,50,0
1905,U,40000,DC,uniform,50,0,0,50,0
1905,U,40000,WO,baseline,50,2,2,0,46
1905,U,40000,WO,uniform,50,0,0,2,48
1905,U,40000,WC,baseline,50,8,2,40,0
1905,U,40000,WC,uniform,50,0,0,48,2
1905,F_DO,20000,DO,baseline,50,0,3,0,47
1905,F_DO,20000,DO,uniform,50,0,0,0,50
1905,F_DO,20000,DC,baseline,50,0,0,50,0
1905,F_DO,20000,DC,uniform,50,0,0,50,0
1905,F_DO,20000,WO,baseline,50,0,2,0,48
1905,F_DO,20000,WO,uniform,50,0,0,0,50
1905,F_DO,20000,WC,baseline,50,5,0,42,3
1905,F_DO,20000,WC,uniform,50,0,3,47,0
1905,F_DO,40000,DO,baseline,50,9,1,2,38
1905,F_DO,40000,DO,uniform,50,9,2,2,37
1905,F_DO,40000,DC,baseline,50,0,0,50,0
1905,F_DO,40000,DC,uniform,50,0,0,50,0
1905,F_DO,40000,WO,baseline,50,1,2,0,47
1905,F_DO,40000,WO,uniform,50,1,2,0,47
1905,F_DO,40000,WC,baseline,50,7,23,19,1
1905,F_DO,40000,WC,uniform,50,1,23,25,1
1905,F_DC,20000,DO,baseline,50,1,3,0,46
1905,F_DC,20000,DO,uniform,50,1,0,0,49
1905,F_DC,20000,DC,baseline,50,0,0,50,0
1905,F_DC,20000,DC,uniform,50,0,0,50,0
1905,F_DC,20000,WO,baseline,50,6,2,0,42
1905,F_DC,20000,WO,uniform,50,6,0,0,44
1905,F_DC,20000,WC,baseline,50,6,0,42,2
1905,F_DC,20000,WC,uniform,50,0,2,48,0
1905,F_DC,40000,DO,baseline,50,15,1,2,32
1905,F_DC,40000,DO,uniform,50,15,2,2,31
1905,F_DC,40000,DC,baseline,50,0,0,50,0
1905,F_DC,40000,DC,uniform,50,0,0,50,0
1905,F_DC,40000,WO,baseline,50,1,2,0,47
1905,F_DC,40000,WO,uniform,50,1,2,0,47
1905,F_DC,40000,WC,baseline,50,8,7,35,0
1905,F_DC,40000,WC,uniform,50,2,7,41,0
1905,F_WO,20000,DO,baseline,50,0,3,0,47
1905,F_WO,20000,DO,uniform,50,0,0,0,50
1905,F_WO,20000,DC,baseline,50,0,0,50,0
1905,F_WO,20000,DC,uniform,50,0,0,50,0
1905,F_WO,20000,WO,baseline,50,1,2,0,47
1905,F_WO,20000,WO,uniform,50,1,0,0,49
1905,F_WO,20000,WC,baseline,50,5,8,34,3
1905,F_WO,20000,WC,uniform,50,0,11,39,0
1905,F_WO,40000,DO,baseline,50,6,1,2,41
1905,F_WO,40000,DO,uniform,50,7,3,1,39
1905,F_WO,40000,DC,baseline,50,0,0,50,0
1905,F_WO,40000,DC,uniform,50,0,0,50,0
1905,F_WO,40000,WO,baseline,50,0,2,0,48
1905,F_WO,40000,WO,uniform,50,0,2,0,48
1905,F_WO,40000,WC,baseline,50,8,1,41,0
1905,F_WO,40000,WC,uniform,50,2,1,47,0
1905,F_WC,20000,DO,baseline,50,3,3,0,44
1905,F_WC,20000,DO,uniform,50,3,0,0,47
1905,F_WC,20000,DC,baseline,50,0,0,50,0
1905,F_WC,20000,DC,uniform,50,0,0,50,0
1905,F_WC,20000,WO,baseline,50,0,2,0,48
1905,F_WC,20000,WO,uniform,50,0,0,0,50
1905,F_WC,20000,WC,baseline,50,0,8,34,8
1905,F_WC,20000,WC,uniform,50,0,16,34,0
1905,F_WC,40000,DO,baseline,50,0,3,0,47
1905,F_WC,40000,DO,uniform,50,0,4,0,46
1905,F_WC,40000,DC,baseline,50,0,0,50,0
1905,F_WC,40000,DC,uniform,50,0,0,50,0
1905,F_WC,40000,WO,baseline,50,0,2,0,48
1905,F_WC,40000,WO,uniform,50,0,2,0,48
1905,F_WC,40000,WC,baseline,50,8,0,42,0
1905,F_WC,40000,WC,uniform,50,2,0,48,0
