suite,contrast,horizon,cohort,original_seed_count,equal_seed_mean_pp,seed_min_pp,seed_max_pp,positive_seed_count
A,F_DC minus F_DO / DO,40000,replication_1903_1905,1,6.0,6.0,6.0,1
A,F_DC minus U / macro,40000,replication_1903_1905,1,5.999999999999996,5.999999999999996,5.999999999999996,1
A,F_DO minus U / macro,40000,replication_1903_1905,1,0.0,0.0,0.0,0
A,F_WC minus U / macro,40000,replication_1903_1905,1,0.0,0.0,0.0,0
A,F_WO minus U / macro,40000,replication_1903_1905,1,0.0,0.0,0.0,0
A,F_DC minus F_DO / DO,40000,discovery_1901_1902,1,4.999999999999999,4.999999999999999,4.999999999999999,1
A,F_DC minus U / macro,40000,discovery_1901_1902,1,4.999999999999999,4.999999999999999,4.999999999999999,1
A,F_DO minus U / macro,40000,discovery_1901_1902,1,0.0,0.0,0.0,0
A,F_WC minus U / macro,40000,discovery_1901_1902,1,0.0,0.0,0.0,0
A,F_WO minus U / macro,40000,discovery_1901_1902,1,0.0,0.0,0.0,0
A,F_DC minus F_DO / DO,40000,combined_descriptive,1,5.6,5.6,5.6,1
A,F_DC minus U / macro,40000,combined_descriptive,1,5.599999999999996,5.599999999999996,5.599999999999996,1
A,F_DO minus U / macro,40000,combined_descriptive,1,0.0,0.0,0.0,0
A,F_WC minus U / macro,40000,combined_descriptive,1,0.0,0.0,0.0,0
A,F_WO minus U / macro,40000,combined_descriptive,1,0.0,0.0,0.0,0
