repeat_seed,candidate,additional_steps,task,base_success,success,uniform_success,gain_pp,difference_vs_uniform_pp
1901,U,20000,DO,0.06,0.06,0.06,0.0,0.0
1901,U,20000,DC,1.0,1.0,1.0,0.0,0.0
1901,U,20000,WO,0.04,0.0,0.0,-4.0,0.0
1901,U,20000,WC,0.84,1.0,1.0,16.000000000000004,0.0
1901,U,40000,DO,0.06,0.3,0.3,24.0,0.0
1901,U,40000,DC,1.0,1.0,1.0,0.0,0.0
1901,U,40000,WO,0.04,0.14,0.14,10.0,0.0
1901,U,40000,WC,0.84,0.86,0.86,2.0000000000000018,0.0
1901,F_DO,20000,DO,0.06,0.08,0.06,2.0000000000000004,2.0000000000000004
1901,F_DO,20000,DC,1.0,1.0,1.0,0.0,0.0
1901,F_DO,20000,WO,0.04,0.06,0.0,1.9999999999999998,6.0
1901,F_DO,20000,WC,0.84,0.0,1.0,-84.0,-100.0
1901,F_DO,40000,DO,0.06,0.16,0.3,10.0,-13.999999999999998
1901,F_DO,40000,DC,1.0,1.0,1.0,0.0,0.0
1901,F_DO,40000,WO,0.04,0.0,0.14,-4.0,-14.000000000000002
1901,F_DO,40000,WC,0.84,1.0,0.86,16.000000000000004,14.000000000000002
1901,F_DC,20000,DO,0.06,0.28,0.06,22.000000000000004,22.000000000000004
1901,F_DC,20000,DC,1.0,1.0,1.0,0.0,0.0
1901,F_DC,20000,WO,0.04,0.0,0.0,-4.0,0.0
1901,F_DC,20000,WC,0.84,1.0,1.0,16.000000000000004,0.0
1901,F_DC,40000,DO,0.06,0.32,0.3,26.0,2.0000000000000018
1901,F_DC,40000,DC,1.0,1.0,1.0,0.0,0.0
1901,F_DC,40000,WO,0.04,0.02,0.14,-2.0,-12.000000000000002
1901,F_DC,40000,WC,0.84,0.86,0.86,2.0000000000000018,0.0
1901,F_WO,20000,DO,0.06,0.02,0.06,-3.9999999999999996,-3.9999999999999996
1901,F_WO,20000,DC,1.0,1.0,1.0,0.0,0.0
1901,F_WO,20000,WO,0.04,0.2,0.0,16.0,20.0
1901,F_WO,20000,WC,0.84,0.52,1.0,-31.999999999999996,-48.0
1901,F_WO,40000,DO,0.06,0.16,0.3,10.0,-13.999999999999998
1901,F_WO,40000,DC,1.0,1.0,1.0,0.0,0.0
1901,F_WO,40000,WO,0.04,0.0,0.14,-4.0,-14.000000000000002
1901,F_WO,40000,WC,0.84,1.0,0.86,16.000000000000004,14.000000000000002
1901,F_WC,20000,DO,0.06,0.02,0.06,-3.9999999999999996,-3.9999999999999996
1901,F_WC,20000,DC,1.0,1.0,1.0,0.0,0.0
1901,F_WC,20000,WO,0.04,0.0,0.0,-4.0,0.0
1901,F_WC,20000,WC,0.84,0.86,1.0,2.0000000000000018,-14.000000000000002
1901,F_WC,40000,DO,0.06,0.16,0.3,10.0,-13.999999999999998
1901,F_WC,40000,DC,1.0,0.96,1.0,-4.0000000000000036,-4.0000000000000036
1901,F_WC,40000,WO,0.04,0.16,0.14,12.0,1.9999999999999991
1901,F_WC,40000,WC,0.84,1.0,0.86,16.000000000000004,14.000000000000002
1902,U,20000,DO,0.06,0.12,0.12,6.0,0.0
1902,U,20000,DC,1.0,1.0,1.0,0.0,0.0
1902,U,20000,WO,0.04,0.04,0.04,0.0,0.0
1902,U,20000,WC,0.84,0.66,0.66,-17.999999999999993,0.0
1902,U,40000,DO,0.06,0.06,0.06,0.0,0.0
1902,U,40000,DC,1.0,1.0,1.0,0.0,0.0
1902,U,40000,WO,0.04,0.0,0.0,-4.0,0.0
1902,U,40000,WC,0.84,0.96,0.96,12.0,0.0
1902,F_DO,20000,DO,0.06,0.12,0.12,6.0,0.0
1902,F_DO,20000,DC,1.0,1.0,1.0,0.0,0.0
1902,F_DO,20000,WO,0.04,0.0,0.04,-4.0,-4.0
1902,F_DO,20000,WC,0.84,0.0,0.66,-84.0,-66.0
1902,F_DO,40000,DO,0.06,0.18,0.06,12.0,12.0
1902,F_DO,40000,DC,1.0,1.0,1.0,0.0,0.0
1902,F_DO,40000,WO,0.04,0.08,0.0,4.0,8.0
1902,F_DO,40000,WC,0.84,1.0,0.96,16.000000000000004,4.0000000000000036
1902,F_DC,20000,DO,0.06,0.0,0.12,-6.0,-12.0
1902,F_DC,20000,DC,1.0,1.0,1.0,0.0,0.0
1902,F_DC,20000,WO,0.04,0.0,0.04,-4.0,-4.0
1902,F_DC,20000,WC,0.84,0.88,0.66,4.0000000000000036,21.999999999999996
1902,F_DC,40000,DO,0.06,0.32,0.06,26.0,26.0
1902,F_DC,40000,DC,1.0,1.0,1.0,0.0,0.0
1902,F_DC,40000,WO,0.04,0.04,0.0,0.0,4.0
1902,F_DC,40000,WC,0.84,0.96,0.96,12.0,0.0
1902,F_WO,20000,DO,0.06,0.08,0.12,2.0000000000000004,-3.9999999999999996
1902,F_WO,20000,DC,1.0,1.0,1.0,0.0,0.0
1902,F_WO,20000,WO,0.04,0.04,0.04,0.0,0.0
1902,F_WO,20000,WC,0.84,0.0,0.66,-84.0,-66.0
1902,F_WO,40000,DO,0.06,0.0,0.06,-6.0,-6.0
1902,F_WO,40000,DC,1.0,1.0,1.0,0.0,0.0
1902,F_WO,40000,WO,0.04,0.12,0.0,7.999999999999999,12.0
1902,F_WO,40000,WC,0.84,1.0,0.96,16.000000000000004,4.0000000000000036
1902,F_WC,20000,DO,0.06,0.12,0.12,6.0,0.0
1902,F_WC,20000,DC,1.0,1.0,1.0,0.0,0.0
1902,F_WC,20000,WO,0.04,0.0,0.04,-4.0,-4.0
1902,F_WC,20000,WC,0.84,0.86,0.66,2.0000000000000018,19.999999999999996
1902,F_WC,40000,DO,0.06,0.24,0.06,18.0,18.0
1902,F_WC,40000,DC,1.0,1.0,1.0,0.0,0.0
1902,F_WC,40000,WO,0.04,0.0,0.0,-4.0,0.0
1902,F_WC,40000,WC,0.84,1.0,0.96,16.000000000000004,4.0000000000000036
