suite,original_seed,checkpoint_step,horizon,continuation_label,rule,choice,macro_success_pct,extra_gain_vs_U_pp,regret_to_cross_repeat_pp
A,11,200000,20000,2101,Uniform,U,52.5,0.0,3.9999999999999925
A,11,200000,20000,2101,Failure,F_DO,52.5,0.0,3.9999999999999925
A,11,200000,20000,2101,Progress,U,52.5,0.0,3.9999999999999925
A,11,200000,20000,2101,LOSO_global_fixed,F_DC,56.49999999999999,3.9999999999999925,0.0
A,11,200000,20000,2101,LOSO_time_fixed,F_DC,56.49999999999999,3.9999999999999925,0.0
A,11,200000,20000,2101,cross_repeat_diagnostic,F_DC,56.49999999999999,3.9999999999999925,0.0
A,11,200000,20000,2101,Fixed_DC,F_DC,56.49999999999999,3.9999999999999925,0.0
A,11,200000,20000,2102,Uniform,U,52.5,0.0,3.9999999999999925
A,11,200000,20000,2102,Failure,F_DO,52.5,0.0,3.9999999999999925
A,11,200000,20000,2102,Progress,U,52.5,0.0,3.9999999999999925
A,11,200000,20000,2102,LOSO_global_fixed,F_DC,56.49999999999999,3.9999999999999925,0.0
A,11,200000,20000,2102,LOSO_time_fixed,F_DC,56.49999999999999,3.9999999999999925,0.0
A,11,200000,20000,2102,cross_repeat_diagnostic,F_DC,56.49999999999999,3.9999999999999925,0.0
A,11,200000,20000,2102,Fixed_DC,F_DC,56.49999999999999,3.9999999999999925,0.0
A,11,200000,20000,2103,Uniform,U,52.5,0.0,3.9999999999999925
A,11,200000,20000,2103,Failure,F_DO,52.5,0.0,3.9999999999999925
A,11,200000,20000,2103,Progress,U,52.5,0.0,3.9999999999999925
A,11,200000,20000,2103,LOSO_global_fixed,F_DC,56.49999999999999,3.9999999999999925,0.0
A,11,200000,20000,2103,LOSO_time_fixed,F_DC,56.49999999999999,3.9999999999999925,0.0
A,11,200000,20000,2103,cross_repeat_diagnostic,F_DC,56.49999999999999,3.9999999999999925,0.0
A,11,200000,20000,2103,Fixed_DC,F_DC,56.49999999999999,3.9999999999999925,0.0
A,11,200000,40000,2101,Uniform,U,52.5,0.0,3.9999999999999925
A,11,200000,40000,2101,Failure,F_DO,52.5,0.0,3.9999999999999925
A,11,200000,40000,2101,Progress,U,52.5,0.0,3.9999999999999925
A,11,200000,40000,2101,LOSO_global_fixed,F_DC,56.49999999999999,3.9999999999999925,0.0
A,11,200000,40000,2101,LOSO_time_fixed,F_DC,56.49999999999999,3.9999999999999925,0.0
A,11,200000,40000,2101,cross_repeat_diagnostic,F_DC,56.49999999999999,3.9999999999999925,0.0
A,11,200000,40000,2101,Fixed_DC,F_DC,56.49999999999999,3.9999999999999925,0.0
A,11,200000,40000,2102,Uniform,U,52.5,0.0,3.9999999999999925
A,11,200000,40000,2102,Failure,F_DO,52.5,0.0,3.9999999999999925
A,11,200000,40000,2102,Progress,U,52.5,0.0,3.9999999999999925
A,11,200000,40000,2102,LOSO_global_fixed,F_DC,56.49999999999999,3.9999999999999925,0.0
A,11,200000,40000,2102,LOSO_time_fixed,F_DC,56.49999999999999,3.9999999999999925,0.0
A,11,200000,40000,2102,cross_repeat_diagnostic,F_DC,56.49999999999999,3.9999999999999925,0.0
A,11,200000,40000,2102,Fixed_DC,F_DC,56.49999999999999,3.9999999999999925,0.0
A,11,200000,40000,2103,Uniform,U,52.5,0.0,3.9999999999999925
A,11,200000,40000,2103,Failure,F_DO,52.5,0.0,3.9999999999999925
A,11,200000,40000,2103,Progress,U,52.5,0.0,3.9999999999999925
A,11,200000,40000,2103,LOSO_global_fixed,F_DC,56.49999999999999,3.9999999999999925,0.0
A,11,200000,40000,2103,LOSO_time_fixed,F_DC,56.49999999999999,3.9999999999999925,0.0
A,11,200000,40000,2103,cross_repeat_diagnostic,F_DC,56.49999999999999,3.9999999999999925,0.0
A,11,200000,40000,2103,Fixed_DC,F_DC,56.49999999999999,3.9999999999999925,0.0
A,12,200000,20000,2101,Uniform,U,52.5,0.0,2.0000000000000018
A,12,200000,20000,2101,Failure,F_DO,52.5,0.0,2.0000000000000018
A,12,200000,20000,2101,Progress,U,52.5,0.0,2.0000000000000018
A,12,200000,20000,2101,LOSO_global_fixed,F_DC,54.50000000000001,2.0000000000000018,0.0
A,12,200000,20000,2101,LOSO_time_fixed,F_DC,54.50000000000001,2.0000000000000018,0.0
A,12,200000,20000,2101,cross_repeat_diagnostic,F_DC,54.50000000000001,2.0000000000000018,0.0
A,12,200000,20000,2101,Fixed_DC,F_DC,54.50000000000001,2.0000000000000018,0.0
A,12,200000,20000,2102,Uniform,U,52.5,0.0,2.0000000000000018
A,12,200000,20000,2102,Failure,F_DO,52.5,0.0,2.0000000000000018
A,12,200000,20000,2102,Progress,U,52.5,0.0,2.0000000000000018
A,12,200000,20000,2102,LOSO_global_fixed,F_DC,54.50000000000001,2.0000000000000018,0.0
A,12,200000,20000,2102,LOSO_time_fixed,F_DC,54.50000000000001,2.0000000000000018,0.0
A,12,200000,20000,2102,cross_repeat_diagnostic,F_DC,54.50000000000001,2.0000000000000018,0.0
A,12,200000,20000,2102,Fixed_DC,F_DC,54.50000000000001,2.0000000000000018,0.0
A,12,200000,20000,2103,Uniform,U,52.5,0.0,2.0000000000000018
A,12,200000,20000,2103,Failure,F_DO,52.5,0.0,2.0000000000000018
A,12,200000,20000,2103,Progress,U,52.5,0.0,2.0000000000000018
A,12,200000,20000,2103,LOSO_global_fixed,F_DC,54.50000000000001,2.0000000000000018,0.0
A,12,200000,20000,2103,LOSO_time_fixed,F_DC,54.50000000000001,2.0000000000000018,0.0
A,12,200000,20000,2103,cross_repeat_diagnostic,F_DC,54.50000000000001,2.0000000000000018,0.0
A,12,200000,20000,2103,Fixed_DC,F_DC,54.50000000000001,2.0000000000000018,0.0
A,12,200000,40000,2101,Uniform,U,52.5,0.0,2.0000000000000018
A,12,200000,40000,2101,Failure,F_DO,52.5,0.0,2.0000000000000018
A,12,200000,40000,2101,Progress,U,52.5,0.0,2.0000000000000018
A,12,200000,40000,2101,LOSO_global_fixed,F_DC,54.50000000000001,2.0000000000000018,0.0
A,12,200000,40000,2101,LOSO_time_fixed,F_DC,54.50000000000001,2.0000000000000018,0.0
A,12,200000,40000,2101,cross_repeat_diagnostic,F_DC,54.50000000000001,2.0000000000000018,0.0
A,12,200000,40000,2101,Fixed_DC,F_DC,54.50000000000001,2.0000000000000018,0.0
A,12,200000,40000,2102,Uniform,U,52.5,0.0,2.0000000000000018
A,12,200000,40000,2102,Failure,F_DO,52.5,0.0,2.0000000000000018
A,12,200000,40000,2102,Progress,U,52.5,0.0,2.0000000000000018
A,12,200000,40000,2102,LOSO_global_fixed,F_DC,54.50000000000001,2.0000000000000018,0.0
A,12,200000,40000,2102,LOSO_time_fixed,F_DC,54.50000000000001,2.0000000000000018,0.0
A,12,200000,40000,2102,cross_repeat_diagnostic,F_DC,54.50000000000001,2.0000000000000018,0.0
A,12,200000,40000,2102,Fixed_DC,F_DC,54.50000000000001,2.0000000000000018,0.0
A,12,200000,40000,2103,Uniform,U,52.5,0.0,2.0000000000000018
A,12,200000,40000,2103,Failure,F_DO,52.5,0.0,2.0000000000000018
A,12,200000,40000,2103,Progress,U,52.5,0.0,2.0000000000000018
A,12,200000,40000,2103,LOSO_global_fixed,F_DC,54.50000000000001,2.0000000000000018,0.0
A,12,200000,40000,2103,LOSO_time_fixed,F_DC,54.50000000000001,2.0000000000000018,0.0
A,12,200000,40000,2103,cross_repeat_diagnostic,F_DC,54.50000000000001,2.0000000000000018,0.0
A,12,200000,40000,2103,Fixed_DC,F_DC,54.50000000000001,2.0000000000000018,0.0
A,13,200000,20000,2101,Uniform,U,52.5,0.0,0.0
A,13,200000,20000,2101,Failure,F_DO,52.5,0.0,0.0
A,13,200000,20000,2101,Progress,U,52.5,0.0,0.0
A,13,200000,20000,2101,LOSO_global_fixed,F_DC,51.5,-1.0000000000000009,1.0000000000000009
A,13,200000,20000,2101,LOSO_time_fixed,F_DC,51.5,-1.0000000000000009,1.0000000000000009
A,13,200000,20000,2101,cross_repeat_diagnostic,U,52.5,0.0,0.0
A,13,200000,20000,2101,Fixed_DC,F_DC,51.5,-1.0000000000000009,1.0000000000000009
A,13,200000,20000,2102,Uniform,U,52.5,0.0,0.0
A,13,200000,20000,2102,Failure,F_DO,52.5,0.0,0.0
A,13,200000,20000,2102,Progress,U,52.5,0.0,0.0
A,13,200000,20000,2102,LOSO_global_fixed,F_DC,51.5,-1.0000000000000009,1.0000000000000009
A,13,200000,20000,2102,LOSO_time_fixed,F_DC,51.5,-1.0000000000000009,1.0000000000000009
A,13,200000,20000,2102,cross_repeat_diagnostic,U,52.5,0.0,0.0
A,13,200000,20000,2102,Fixed_DC,F_DC,51.5,-1.0000000000000009,1.0000000000000009
A,13,200000,20000,2103,Uniform,U,52.5,0.0,0.0
A,13,200000,20000,2103,Failure,F_DO,52.5,0.0,0.0
A,13,200000,20000,2103,Progress,U,52.5,0.0,0.0
A,13,200000,20000,2103,LOSO_global_fixed,F_DC,51.5,-1.0000000000000009,1.0000000000000009
A,13,200000,20000,2103,LOSO_time_fixed,F_DC,51.5,-1.0000000000000009,1.0000000000000009
A,13,200000,20000,2103,cross_repeat_diagnostic,U,52.5,0.0,0.0
A,13,200000,20000,2103,Fixed_DC,F_DC,51.5,-1.0000000000000009,1.0000000000000009
A,13,200000,40000,2101,Uniform,U,52.5,0.0,0.0
A,13,200000,40000,2101,Failure,F_DO,52.5,0.0,0.0
A,13,200000,40000,2101,Progress,U,52.5,0.0,0.0
A,13,200000,40000,2101,LOSO_global_fixed,F_DC,51.5,-1.0000000000000009,1.0000000000000009
A,13,200000,40000,2101,LOSO_time_fixed,F_DC,51.5,-1.0000000000000009,1.0000000000000009
A,13,200000,40000,2101,cross_repeat_diagnostic,U,52.5,0.0,0.0
A,13,200000,40000,2101,Fixed_DC,F_DC,51.5,-1.0000000000000009,1.0000000000000009
A,13,200000,40000,2102,Uniform,U,52.5,0.0,0.0
A,13,200000,40000,2102,Failure,F_DO,52.5,0.0,0.0
A,13,200000,40000,2102,Progress,U,52.5,0.0,0.0
A,13,200000,40000,2102,LOSO_global_fixed,F_DC,51.5,-1.0000000000000009,1.0000000000000009
A,13,200000,40000,2102,LOSO_time_fixed,F_DC,51.5,-1.0000000000000009,1.0000000000000009
A,13,200000,40000,2102,cross_repeat_diagnostic,U,52.5,0.0,0.0
A,13,200000,40000,2102,Fixed_DC,F_DC,51.5,-1.0000000000000009,1.0000000000000009
A,13,200000,40000,2103,Uniform,U,52.5,0.0,0.0
A,13,200000,40000,2103,Failure,F_DO,52.5,0.0,0.0
A,13,200000,40000,2103,Progress,U,52.5,0.0,0.0
A,13,200000,40000,2103,LOSO_global_fixed,F_DC,51.5,-1.0000000000000009,1.0000000000000009
A,13,200000,40000,2103,LOSO_time_fixed,F_DC,51.5,-1.0000000000000009,1.0000000000000009
A,13,200000,40000,2103,cross_repeat_diagnostic,U,52.5,0.0,0.0
A,13,200000,40000,2103,Fixed_DC,F_DC,51.5,-1.0000000000000009,1.0000000000000009
B,11,200000,20000,2101,Uniform,U,52.5,0.0,3.9999999999999925
B,11,200000,20000,2101,Failure,F_DO,52.5,0.0,3.9999999999999925
B,11,200000,20000,2101,Progress,U,52.5,0.0,3.9999999999999925
B,11,200000,20000,2101,LOSO_global_fixed,F_DC,56.49999999999999,3.9999999999999925,0.0
B,11,200000,20000,2101,LOSO_time_fixed,F_DC,56.49999999999999,3.9999999999999925,0.0
B,11,200000,20000,2101,cross_repeat_diagnostic,F_DC,56.49999999999999,3.9999999999999925,0.0
B,11,200000,20000,2101,Fixed_DC,F_DC,56.49999999999999,3.9999999999999925,0.0
B,11,200000,20000,2102,Uniform,U,52.5,0.0,3.9999999999999925
B,11,200000,20000,2102,Failure,F_DO,52.5,0.0,3.9999999999999925
B,11,200000,20000,2102,Progress,U,52.5,0.0,3.9999999999999925
B,11,200000,20000,2102,LOSO_global_fixed,F_DC,56.49999999999999,3.9999999999999925,0.0
B,11,200000,20000,2102,LOSO_time_fixed,F_DC,56.49999999999999,3.9999999999999925,0.0
B,11,200000,20000,2102,cross_repeat_diagnostic,F_DC,56.49999999999999,3.9999999999999925,0.0
B,11,200000,20000,2102,Fixed_DC,F_DC,56.49999999999999,3.9999999999999925,0.0
B,11,200000,20000,2103,Uniform,U,52.5,0.0,3.9999999999999925
B,11,200000,20000,2103,Failure,F_DO,52.5,0.0,3.9999999999999925
B,11,200000,20000,2103,Progress,U,52.5,0.0,3.9999999999999925
B,11,200000,20000,2103,LOSO_global_fixed,F_DC,56.49999999999999,3.9999999999999925,0.0
B,11,200000,20000,2103,LOSO_time_fixed,F_DC,56.49999999999999,3.9999999999999925,0.0
B,11,200000,20000,2103,cross_repeat_diagnostic,F_DC,56.49999999999999,3.9999999999999925,0.0
B,11,200000,20000,2103,Fixed_DC,F_DC,56.49999999999999,3.9999999999999925,0.0
B,11,200000,40000,2101,Uniform,U,52.5,0.0,3.9999999999999925
B,11,200000,40000,2101,Failure,F_DO,52.5,0.0,3.9999999999999925
B,11,200000,40000,2101,Progress,U,52.5,0.0,3.9999999999999925
B,11,200000,40000,2101,LOSO_global_fixed,F_DC,56.49999999999999,3.9999999999999925,0.0
B,11,200000,40000,2101,LOSO_time_fixed,F_DC,56.49999999999999,3.9999999999999925,0.0
B,11,200000,40000,2101,cross_repeat_diagnostic,F_DC,56.49999999999999,3.9999999999999925,0.0
B,11,200000,40000,2101,Fixed_DC,F_DC,56.49999999999999,3.9999999999999925,0.0
B,11,200000,40000,2102,Uniform,U,52.5,0.0,3.9999999999999925
B,11,200000,40000,2102,Failure,F_DO,52.5,0.0,3.9999999999999925
B,11,200000,40000,2102,Progress,U,52.5,0.0,3.9999999999999925
B,11,200000,40000,2102,LOSO_global_fixed,F_DC,56.49999999999999,3.9999999999999925,0.0
B,11,200000,40000,2102,LOSO_time_fixed,F_DC,56.49999999999999,3.9999999999999925,0.0
B,11,200000,40000,2102,cross_repeat_diagnostic,F_DC,56.49999999999999,3.9999999999999925,0.0
B,11,200000,40000,2102,Fixed_DC,F_DC,56.49999999999999,3.9999999999999925,0.0
B,11,200000,40000,2103,Uniform,U,52.5,0.0,3.9999999999999925
B,11,200000,40000,2103,Failure,F_DO,52.5,0.0,3.9999999999999925
B,11,200000,40000,2103,Progress,U,52.5,0.0,3.9999999999999925
B,11,200000,40000,2103,LOSO_global_fixed,F_DC,56.49999999999999,3.9999999999999925,0.0
B,11,200000,40000,2103,LOSO_time_fixed,F_DC,56.49999999999999,3.9999999999999925,0.0
B,11,200000,40000,2103,cross_repeat_diagnostic,F_DC,56.49999999999999,3.9999999999999925,0.0
B,11,200000,40000,2103,Fixed_DC,F_DC,56.49999999999999,3.9999999999999925,0.0
B,12,200000,20000,2101,Uniform,U,52.5,0.0,2.0000000000000018
B,12,200000,20000,2101,Failure,F_DO,52.5,0.0,2.0000000000000018
B,12,200000,20000,2101,Progress,U,52.5,0.0,2.0000000000000018
B,12,200000,20000,2101,LOSO_global_fixed,F_DC,54.50000000000001,2.0000000000000018,0.0
B,12,200000,20000,2101,LOSO_time_fixed,F_DC,54.50000000000001,2.0000000000000018,0.0
B,12,200000,20000,2101,cross_repeat_diagnostic,F_DC,54.50000000000001,2.0000000000000018,0.0
B,12,200000,20000,2101,Fixed_DC,F_DC,54.50000000000001,2.0000000000000018,0.0
B,12,200000,20000,2102,Uniform,U,52.5,0.0,2.0000000000000018
B,12,200000,20000,2102,Failure,F_DO,52.5,0.0,2.0000000000000018
B,12,200000,20000,2102,Progress,U,52.5,0.0,2.0000000000000018
B,12,200000,20000,2102,LOSO_global_fixed,F_DC,54.50000000000001,2.0000000000000018,0.0
B,12,200000,20000,2102,LOSO_time_fixed,F_DC,54.50000000000001,2.0000000000000018,0.0
B,12,200000,20000,2102,cross_repeat_diagnostic,F_DC,54.50000000000001,2.0000000000000018,0.0
B,12,200000,20000,2102,Fixed_DC,F_DC,54.50000000000001,2.0000000000000018,0.0
B,12,200000,20000,2103,Uniform,U,52.5,0.0,2.0000000000000018
B,12,200000,20000,2103,Failure,F_DO,52.5,0.0,2.0000000000000018
B,12,200000,20000,2103,Progress,U,52.5,0.0,2.0000000000000018
B,12,200000,20000,2103,LOSO_global_fixed,F_DC,54.50000000000001,2.0000000000000018,0.0
B,12,200000,20000,2103,LOSO_time_fixed,F_DC,54.50000000000001,2.0000000000000018,0.0
B,12,200000,20000,2103,cross_repeat_diagnostic,F_DC,54.50000000000001,2.0000000000000018,0.0
B,12,200000,20000,2103,Fixed_DC,F_DC,54.50000000000001,2.0000000000000018,0.0
B,12,200000,40000,2101,Uniform,U,52.5,0.0,2.0000000000000018
B,12,200000,40000,2101,Failure,F_DO,52.5,0.0,2.0000000000000018
B,12,200000,40000,2101,Progress,U,52.5,0.0,2.0000000000000018
B,12,200000,40000,2101,LOSO_global_fixed,F_DC,54.50000000000001,2.0000000000000018,0.0
B,12,200000,40000,2101,LOSO_time_fixed,F_DC,54.50000000000001,2.0000000000000018,0.0
B,12,200000,40000,2101,cross_repeat_diagnostic,F_DC,54.50000000000001,2.0000000000000018,0.0
B,12,200000,40000,2101,Fixed_DC,F_DC,54.50000000000001,2.0000000000000018,0.0
B,12,200000,40000,2102,Uniform,U,52.5,0.0,2.0000000000000018
B,12,200000,40000,2102,Failure,F_DO,52.5,0.0,2.0000000000000018
B,12,200000,40000,2102,Progress,U,52.5,0.0,2.0000000000000018
B,12,200000,40000,2102,LOSO_global_fixed,F_DC,54.50000000000001,2.0000000000000018,0.0
B,12,200000,40000,2102,LOSO_time_fixed,F_DC,54.50000000000001,2.0000000000000018,0.0
B,12,200000,40000,2102,cross_repeat_diagnostic,F_DC,54.50000000000001,2.0000000000000018,0.0
B,12,200000,40000,2102,Fixed_DC,F_DC,54.50000000000001,2.0000000000000018,0.0
B,12,200000,40000,2103,Uniform,U,52.5,0.0,2.0000000000000018
B,12,200000,40000,2103,Failure,F_DO,52.5,0.0,2.0000000000000018
B,12,200000,40000,2103,Progress,U,52.5,0.0,2.0000000000000018
B,12,200000,40000,2103,LOSO_global_fixed,F_DC,54.50000000000001,2.0000000000000018,0.0
B,12,200000,40000,2103,LOSO_time_fixed,F_DC,54.50000000000001,2.0000000000000018,0.0
B,12,200000,40000,2103,cross_repeat_diagnostic,F_DC,54.50000000000001,2.0000000000000018,0.0
B,12,200000,40000,2103,Fixed_DC,F_DC,54.50000000000001,2.0000000000000018,0.0
B,13,200000,20000,2101,Uniform,U,52.5,0.0,0.0
B,13,200000,20000,2101,Failure,F_DO,52.5,0.0,0.0
B,13,200000,20000,2101,Progress,U,52.5,0.0,0.0
B,13,200000,20000,2101,LOSO_global_fixed,F_DC,51.5,-1.0000000000000009,1.0000000000000009
B,13,200000,20000,2101,LOSO_time_fixed,F_DC,51.5,-1.0000000000000009,1.0000000000000009
B,13,200000,20000,2101,cross_repeat_diagnostic,U,52.5,0.0,0.0
B,13,200000,20000,2101,Fixed_DC,F_DC,51.5,-1.0000000000000009,1.0000000000000009
B,13,200000,20000,2102,Uniform,U,52.5,0.0,0.0
B,13,200000,20000,2102,Failure,F_DO,52.5,0.0,0.0
B,13,200000,20000,2102,Progress,U,52.5,0.0,0.0
B,13,200000,20000,2102,LOSO_global_fixed,F_DC,51.5,-1.0000000000000009,1.0000000000000009
B,13,200000,20000,2102,LOSO_time_fixed,F_DC,51.5,-1.0000000000000009,1.0000000000000009
B,13,200000,20000,2102,cross_repeat_diagnostic,U,52.5,0.0,0.0
B,13,200000,20000,2102,Fixed_DC,F_DC,51.5,-1.0000000000000009,1.0000000000000009
B,13,200000,20000,2103,Uniform,U,52.5,0.0,0.0
B,13,200000,20000,2103,Failure,F_DO,52.5,0.0,0.0
B,13,200000,20000,2103,Progress,U,52.5,0.0,0.0
B,13,200000,20000,2103,LOSO_global_fixed,F_DC,51.5,-1.0000000000000009,1.0000000000000009
B,13,200000,20000,2103,LOSO_time_fixed,F_DC,51.5,-1.0000000000000009,1.0000000000000009
B,13,200000,20000,2103,cross_repeat_diagnostic,U,52.5,0.0,0.0
B,13,200000,20000,2103,Fixed_DC,F_DC,51.5,-1.0000000000000009,1.0000000000000009
B,13,200000,40000,2101,Uniform,U,52.5,0.0,0.0
B,13,200000,40000,2101,Failure,F_DO,52.5,0.0,0.0
B,13,200000,40000,2101,Progress,U,52.5,0.0,0.0
B,13,200000,40000,2101,LOSO_global_fixed,F_DC,51.5,-1.0000000000000009,1.0000000000000009
B,13,200000,40000,2101,LOSO_time_fixed,F_DC,51.5,-1.0000000000000009,1.0000000000000009
B,13,200000,40000,2101,cross_repeat_diagnostic,U,52.5,0.0,0.0
B,13,200000,40000,2101,Fixed_DC,F_DC,51.5,-1.0000000000000009,1.0000000000000009
B,13,200000,40000,2102,Uniform,U,52.5,0.0,0.0
B,13,200000,40000,2102,Failure,F_DO,52.5,0.0,0.0
B,13,200000,40000,2102,Progress,U,52.5,0.0,0.0
B,13,200000,40000,2102,LOSO_global_fixed,F_DC,51.5,-1.0000000000000009,1.0000000000000009
B,13,200000,40000,2102,LOSO_time_fixed,F_DC,51.5,-1.0000000000000009,1.0000000000000009
B,13,200000,40000,2102,cross_repeat_diagnostic,U,52.5,0.0,0.0
B,13,200000,40000,2102,Fixed_DC,F_DC,51.5,-1.0000000000000009,1.0000000000000009
B,13,200000,40000,2103,Uniform,U,52.5,0.0,0.0
B,13,200000,40000,2103,Failure,F_DO,52.5,0.0,0.0
B,13,200000,40000,2103,Progress,U,52.5,0.0,0.0
B,13,200000,40000,2103,LOSO_global_fixed,F_DC,51.5,-1.0000000000000009,1.0000000000000009
B,13,200000,40000,2103,LOSO_time_fixed,F_DC,51.5,-1.0000000000000009,1.0000000000000009
B,13,200000,40000,2103,cross_repeat_diagnostic,U,52.5,0.0,0.0
B,13,200000,40000,2103,Fixed_DC,F_DC,51.5,-1.0000000000000009,1.0000000000000009
C,11,200000,20000,2101,Uniform,U,52.5,0.0,3.9999999999999925
C,11,200000,20000,2101,Failure,F_DO,52.5,0.0,3.9999999999999925
C,11,200000,20000,2101,Progress,U,52.5,0.0,3.9999999999999925
C,11,200000,20000,2101,LOSO_global_fixed,F_PP,56.49999999999999,3.9999999999999925,0.0
C,11,200000,20000,2101,LOSO_time_fixed,F_PP,56.49999999999999,3.9999999999999925,0.0
C,11,200000,20000,2101,cross_repeat_diagnostic,F_PP,56.49999999999999,3.9999999999999925,0.0
C,11,200000,20000,2102,Uniform,U,52.5,0.0,3.9999999999999925
C,11,200000,20000,2102,Failure,F_DO,52.5,0.0,3.9999999999999925
C,11,200000,20000,2102,Progress,U,52.5,0.0,3.9999999999999925
C,11,200000,20000,2102,LOSO_global_fixed,F_PP,56.49999999999999,3.9999999999999925,0.0
C,11,200000,20000,2102,LOSO_time_fixed,F_PP,56.49999999999999,3.9999999999999925,0.0
C,11,200000,20000,2102,cross_repeat_diagnostic,F_PP,56.49999999999999,3.9999999999999925,0.0
C,11,200000,20000,2103,Uniform,U,52.5,0.0,3.9999999999999925
C,11,200000,20000,2103,Failure,F_DO,52.5,0.0,3.9999999999999925
C,11,200000,20000,2103,Progress,U,52.5,0.0,3.9999999999999925
C,11,200000,20000,2103,LOSO_global_fixed,F_PP,56.49999999999999,3.9999999999999925,0.0
C,11,200000,20000,2103,LOSO_time_fixed,F_PP,56.49999999999999,3.9999999999999925,0.0
C,11,200000,20000,2103,cross_repeat_diagnostic,F_PP,56.49999999999999,3.9999999999999925,0.0
C,11,200000,40000,2101,Uniform,U,52.5,0.0,3.9999999999999925
C,11,200000,40000,2101,Failure,F_DO,52.5,0.0,3.9999999999999925
C,11,200000,40000,2101,Progress,U,52.5,0.0,3.9999999999999925
C,11,200000,40000,2101,LOSO_global_fixed,F_PP,56.49999999999999,3.9999999999999925,0.0
C,11,200000,40000,2101,LOSO_time_fixed,F_PP,56.49999999999999,3.9999999999999925,0.0
C,11,200000,40000,2101,cross_repeat_diagnostic,F_PP,56.49999999999999,3.9999999999999925,0.0
C,11,200000,40000,2102,Uniform,U,52.5,0.0,3.9999999999999925
C,11,200000,40000,2102,Failure,F_DO,52.5,0.0,3.9999999999999925
C,11,200000,40000,2102,Progress,U,52.5,0.0,3.9999999999999925
C,11,200000,40000,2102,LOSO_global_fixed,F_PP,56.49999999999999,3.9999999999999925,0.0
C,11,200000,40000,2102,LOSO_time_fixed,F_PP,56.49999999999999,3.9999999999999925,0.0
C,11,200000,40000,2102,cross_repeat_diagnostic,F_PP,56.49999999999999,3.9999999999999925,0.0
C,11,200000,40000,2103,Uniform,U,52.5,0.0,3.9999999999999925
C,11,200000,40000,2103,Failure,F_DO,52.5,0.0,3.9999999999999925
C,11,200000,40000,2103,Progress,U,52.5,0.0,3.9999999999999925
C,11,200000,40000,2103,LOSO_global_fixed,F_PP,56.49999999999999,3.9999999999999925,0.0
C,11,200000,40000,2103,LOSO_time_fixed,F_PP,56.49999999999999,3.9999999999999925,0.0
C,11,200000,40000,2103,cross_repeat_diagnostic,F_PP,56.49999999999999,3.9999999999999925,0.0
C,12,200000,20000,2101,Uniform,U,52.5,0.0,2.0000000000000018
C,12,200000,20000,2101,Failure,F_DO,52.5,0.0,2.0000000000000018
C,12,200000,20000,2101,Progress,U,52.5,0.0,2.0000000000000018
C,12,200000,20000,2101,LOSO_global_fixed,F_PP,54.50000000000001,2.0000000000000018,0.0
C,12,200000,20000,2101,LOSO_time_fixed,F_PP,54.50000000000001,2.0000000000000018,0.0
C,12,200000,20000,2101,cross_repeat_diagnostic,F_PP,54.50000000000001,2.0000000000000018,0.0
C,12,200000,20000,2102,Uniform,U,52.5,0.0,2.0000000000000018
C,12,200000,20000,2102,Failure,F_DO,52.5,0.0,2.0000000000000018
C,12,200000,20000,2102,Progress,U,52.5,0.0,2.0000000000000018
C,12,200000,20000,2102,LOSO_global_fixed,F_PP,54.50000000000001,2.0000000000000018,0.0
C,12,200000,20000,2102,LOSO_time_fixed,F_PP,54.50000000000001,2.0000000000000018,0.0
C,12,200000,20000,2102,cross_repeat_diagnostic,F_PP,54.50000000000001,2.0000000000000018,0.0
C,12,200000,20000,2103,Uniform,U,52.5,0.0,2.0000000000000018
C,12,200000,20000,2103,Failure,F_DO,52.5,0.0,2.0000000000000018
C,12,200000,20000,2103,Progress,U,52.5,0.0,2.0000000000000018
C,12,200000,20000,2103,LOSO_global_fixed,F_PP,54.50000000000001,2.0000000000000018,0.0
C,12,200000,20000,2103,LOSO_time_fixed,F_PP,54.50000000000001,2.0000000000000018,0.0
C,12,200000,20000,2103,cross_repeat_diagnostic,F_PP,54.50000000000001,2.0000000000000018,0.0
C,12,200000,40000,2101,Uniform,U,52.5,0.0,2.0000000000000018
C,12,200000,40000,2101,Failure,F_DO,52.5,0.0,2.0000000000000018
C,12,200000,40000,2101,Progress,U,52.5,0.0,2.0000000000000018
C,12,200000,40000,2101,LOSO_global_fixed,F_PP,54.50000000000001,2.0000000000000018,0.0
C,12,200000,40000,2101,LOSO_time_fixed,F_PP,54.50000000000001,2.0000000000000018,0.0
C,12,200000,40000,2101,cross_repeat_diagnostic,F_PP,54.50000000000001,2.0000000000000018,0.0
C,12,200000,40000,2102,Uniform,U,52.5,0.0,2.0000000000000018
C,12,200000,40000,2102,Failure,F_DO,52.5,0.0,2.0000000000000018
C,12,200000,40000,2102,Progress,U,52.5,0.0,2.0000000000000018
C,12,200000,40000,2102,LOSO_global_fixed,F_PP,54.50000000000001,2.0000000000000018,0.0
C,12,200000,40000,2102,LOSO_time_fixed,F_PP,54.50000000000001,2.0000000000000018,0.0
C,12,200000,40000,2102,cross_repeat_diagnostic,F_PP,54.50000000000001,2.0000000000000018,0.0
C,12,200000,40000,2103,Uniform,U,52.5,0.0,2.0000000000000018
C,12,200000,40000,2103,Failure,F_DO,52.5,0.0,2.0000000000000018
C,12,200000,40000,2103,Progress,U,52.5,0.0,2.0000000000000018
C,12,200000,40000,2103,LOSO_global_fixed,F_PP,54.50000000000001,2.0000000000000018,0.0
C,12,200000,40000,2103,LOSO_time_fixed,F_PP,54.50000000000001,2.0000000000000018,0.0
C,12,200000,40000,2103,cross_repeat_diagnostic,F_PP,54.50000000000001,2.0000000000000018,0.0
C,13,200000,20000,2101,Uniform,U,52.5,0.0,0.0
C,13,200000,20000,2101,Failure,F_DO,52.5,0.0,0.0
C,13,200000,20000,2101,Progress,U,52.5,0.0,0.0
C,13,200000,20000,2101,LOSO_global_fixed,F_PP,51.5,-1.0000000000000009,1.0000000000000009
C,13,200000,20000,2101,LOSO_time_fixed,F_PP,51.5,-1.0000000000000009,1.0000000000000009
C,13,200000,20000,2101,cross_repeat_diagnostic,U,52.5,0.0,0.0
C,13,200000,20000,2102,Uniform,U,52.5,0.0,0.0
C,13,200000,20000,2102,Failure,F_DO,52.5,0.0,0.0
C,13,200000,20000,2102,Progress,U,52.5,0.0,0.0
C,13,200000,20000,2102,LOSO_global_fixed,F_PP,51.5,-1.0000000000000009,1.0000000000000009
C,13,200000,20000,2102,LOSO_time_fixed,F_PP,51.5,-1.0000000000000009,1.0000000000000009
C,13,200000,20000,2102,cross_repeat_diagnostic,U,52.5,0.0,0.0
C,13,200000,20000,2103,Uniform,U,52.5,0.0,0.0
C,13,200000,20000,2103,Failure,F_DO,52.5,0.0,0.0
C,13,200000,20000,2103,Progress,U,52.5,0.0,0.0
C,13,200000,20000,2103,LOSO_global_fixed,F_PP,51.5,-1.0000000000000009,1.0000000000000009
C,13,200000,20000,2103,LOSO_time_fixed,F_PP,51.5,-1.0000000000000009,1.0000000000000009
C,13,200000,20000,2103,cross_repeat_diagnostic,U,52.5,0.0,0.0
C,13,200000,40000,2101,Uniform,U,52.5,0.0,0.0
C,13,200000,40000,2101,Failure,F_DO,52.5,0.0,0.0
C,13,200000,40000,2101,Progress,U,52.5,0.0,0.0
C,13,200000,40000,2101,LOSO_global_fixed,F_PP,51.5,-1.0000000000000009,1.0000000000000009
C,13,200000,40000,2101,LOSO_time_fixed,F_PP,51.5,-1.0000000000000009,1.0000000000000009
C,13,200000,40000,2101,cross_repeat_diagnostic,U,52.5,0.0,0.0
C,13,200000,40000,2102,Uniform,U,52.5,0.0,0.0
C,13,200000,40000,2102,Failure,F_DO,52.5,0.0,0.0
C,13,200000,40000,2102,Progress,U,52.5,0.0,0.0
C,13,200000,40000,2102,LOSO_global_fixed,F_PP,51.5,-1.0000000000000009,1.0000000000000009
C,13,200000,40000,2102,LOSO_time_fixed,F_PP,51.5,-1.0000000000000009,1.0000000000000009
C,13,200000,40000,2102,cross_repeat_diagnostic,U,52.5,0.0,0.0
C,13,200000,40000,2103,Uniform,U,52.5,0.0,0.0
C,13,200000,40000,2103,Failure,F_DO,52.5,0.0,0.0
C,13,200000,40000,2103,Progress,U,52.5,0.0,0.0
C,13,200000,40000,2103,LOSO_global_fixed,F_PP,51.5,-1.0000000000000009,1.0000000000000009
C,13,200000,40000,2103,LOSO_time_fixed,F_PP,51.5,-1.0000000000000009,1.0000000000000009
C,13,200000,40000,2103,cross_repeat_diagnostic,U,52.5,0.0,0.0
