suite,contrast,original_seed,checkpoint_step,continuation_label,horizon,cohort,difference_pp
A,DC_plus_WO_minus minus U / macro,11,200000,2101,20000,independent_pretraining,2.500000000000002
A,DC_plus_WO_minus minus U / macro,11,200000,2101,40000,independent_pretraining,2.500000000000002
A,DC_plus_WO_minus minus U / macro,11,200000,2102,20000,independent_pretraining,2.500000000000002
A,DC_plus_WO_minus minus U / macro,11,200000,2102,40000,independent_pretraining,2.500000000000002
A,DC_plus_WO_minus minus U / macro,11,200000,2103,20000,independent_pretraining,2.500000000000002
A,DC_plus_WO_minus minus U / macro,11,200000,2103,40000,independent_pretraining,2.500000000000002
A,DC_plus_WO_minus minus U / macro,12,200000,2101,20000,independent_pretraining,2.500000000000002
A,DC_plus_WO_minus minus U / macro,12,200000,2101,40000,independent_pretraining,2.500000000000002
A,DC_plus_WO_minus minus U / macro,12,200000,2102,20000,independent_pretraining,2.500000000000002
A,DC_plus_WO_minus minus U / macro,12,200000,2102,40000,independent_pretraining,2.500000000000002
A,DC_plus_WO_minus minus U / macro,12,200000,2103,20000,independent_pretraining,2.500000000000002
A,DC_plus_WO_minus minus U / macro,12,200000,2103,40000,independent_pretraining,2.500000000000002
A,DC_plus_WO_minus minus U / macro,13,200000,2101,20000,independent_pretraining,2.500000000000002
A,DC_plus_WO_minus minus U / macro,13,200000,2101,40000,independent_pretraining,2.500000000000002
A,DC_plus_WO_minus minus U / macro,13,200000,2102,20000,independent_pretraining,2.500000000000002
A,DC_plus_WO_minus minus U / macro,13,200000,2102,40000,independent_pretraining,2.500000000000002
A,DC_plus_WO_minus minus U / macro,13,200000,2103,20000,independent_pretraining,2.500000000000002
A,DC_plus_WO_minus minus U / macro,13,200000,2103,40000,independent_pretraining,2.500000000000002
A,DC_minus_WO_plus minus U / macro,11,200000,2101,20000,independent_pretraining,-2.500000000000002
A,DC_minus_WO_plus minus U / macro,11,200000,2101,40000,independent_pretraining,-2.500000000000002
A,DC_minus_WO_plus minus U / macro,11,200000,2102,20000,independent_pretraining,-2.500000000000002
A,DC_minus_WO_plus minus U / macro,11,200000,2102,40000,independent_pretraining,-2.500000000000002
A,DC_minus_WO_plus minus U / macro,11,200000,2103,20000,independent_pretraining,-2.500000000000002
A,DC_minus_WO_plus minus U / macro,11,200000,2103,40000,independent_pretraining,-2.500000000000002
A,DC_minus_WO_plus minus U / macro,12,200000,2101,20000,independent_pretraining,-2.500000000000002
A,DC_minus_WO_plus minus U / macro,12,200000,2101,40000,independent_pretraining,-2.500000000000002
A,DC_minus_WO_plus minus U / macro,12,200000,2102,20000,independent_pretraining,-2.500000000000002
A,DC_minus_WO_plus minus U / macro,12,200000,2102,40000,independent_pretraining,-2.500000000000002
A,DC_minus_WO_plus minus U / macro,12,200000,2103,20000,independent_pretraining,-2.500000000000002
A,DC_minus_WO_plus minus U / macro,12,200000,2103,40000,independent_pretraining,-2.500000000000002
A,DC_minus_WO_plus minus U / macro,13,200000,2101,20000,independent_pretraining,-2.500000000000002
A,DC_minus_WO_plus minus U / macro,13,200000,2101,40000,independent_pretraining,-2.500000000000002
A,DC_minus_WO_plus minus U / macro,13,200000,2102,20000,independent_pretraining,-2.500000000000002
A,DC_minus_WO_plus minus U / macro,13,200000,2102,40000,independent_pretraining,-2.500000000000002
A,DC_minus_WO_plus minus U / macro,13,200000,2103,20000,independent_pretraining,-2.500000000000002
A,DC_minus_WO_plus minus U / macro,13,200000,2103,40000,independent_pretraining,-2.500000000000002
A,DC_plus_WO_minus minus DC_minus_WO_plus / DO,11,200000,2101,20000,independent_pretraining,20.000000000000004
A,DC_plus_WO_minus minus DC_minus_WO_plus / DO,11,200000,2101,40000,independent_pretraining,20.000000000000004
A,DC_plus_WO_minus minus DC_minus_WO_plus / DO,11,200000,2102,20000,independent_pretraining,20.000000000000004
A,DC_plus_WO_minus minus DC_minus_WO_plus / DO,11,200000,2102,40000,independent_pretraining,20.000000000000004
A,DC_plus_WO_minus minus DC_minus_WO_plus / DO,11,200000,2103,20000,independent_pretraining,20.000000000000004
A,DC_plus_WO_minus minus DC_minus_WO_plus / DO,11,200000,2103,40000,independent_pretraining,20.000000000000004
A,DC_plus_WO_minus minus DC_minus_WO_plus / DO,12,200000,2101,20000,independent_pretraining,20.000000000000004
A,DC_plus_WO_minus minus DC_minus_WO_plus / DO,12,200000,2101,40000,independent_pretraining,20.000000000000004
A,DC_plus_WO_minus minus DC_minus_WO_plus / DO,12,200000,2102,20000,independent_pretraining,20.000000000000004
A,DC_plus_WO_minus minus DC_minus_WO_plus / DO,12,200000,2102,40000,independent_pretraining,20.000000000000004
A,DC_plus_WO_minus minus DC_minus_WO_plus / DO,12,200000,2103,20000,independent_pretraining,20.000000000000004
A,DC_plus_WO_minus minus DC_minus_WO_plus / DO,12,200000,2103,40000,independent_pretraining,20.000000000000004
A,DC_plus_WO_minus minus DC_minus_WO_plus / DO,13,200000,2101,20000,independent_pretraining,20.000000000000004
A,DC_plus_WO_minus minus DC_minus_WO_plus / DO,13,200000,2101,40000,independent_pretraining,20.000000000000004
A,DC_plus_WO_minus minus DC_minus_WO_plus / DO,13,200000,2102,20000,independent_pretraining,20.000000000000004
A,DC_plus_WO_minus minus DC_minus_WO_plus / DO,13,200000,2102,40000,independent_pretraining,20.000000000000004
A,DC_plus_WO_minus minus DC_minus_WO_plus / DO,13,200000,2103,20000,independent_pretraining,20.000000000000004
A,DC_plus_WO_minus minus DC_minus_WO_plus / DO,13,200000,2103,40000,independent_pretraining,20.000000000000004
