stage,step,recorded_steps_per_second,recomputed_steps_per_second,relative_error
uniform_block_audited,4000,,177.29150500219922,
train_000004000_completed,4000,177.29150500219922,177.29150500219922,0.0
uniform_block_audited,8000,354.58301000439843,152.33722028367384,1.3276190109292645
train_000008000_completed,8000,152.33722028367384,152.33722028367384,0.0
uniform_block_audited,12000,228.50583042551074,135.709244075824,0.6837897225176428
train_000012000_completed,12000,135.709244075824,135.709244075824,0.0
uniform_block_audited,16000,180.9456587677653,129.01189031215628,0.4025502481201573
train_000016000_completed,16000,129.01189031215628,129.01189031215628,0.0
uniform_block_audited,20000,161.26486289019536,127.85105503462411,0.26134948864146845
train_000020000_completed,20000,127.85105503462411,127.85105503462411,0.0
uniform_block_audited,24000,153.42126604154893,127.9891211976293,0.1987055197031129
train_000024000_completed,24000,127.9891211976293,127.9891211976293,0.0
uniform_block_audited,28000,149.3206413972342,126.73157675769218,0.1782433803591963
train_000028000_completed,28000,126.73157675769218,126.73157675769218,0.0
uniform_block_audited,32000,144.8360877230768,126.71433562015166,0.1430126434727026
train_000032000_completed,32000,126.71433562015166,126.71433562015166,0.0
uniform_block_audited,36000,142.55362757267062,126.8509018577511,0.12378883780052541
train_000036000_completed,36000,126.8509018577511,126.8509018577511,0.0
uniform_block_audited,40000,140.94544650861232,126.57020624662555,0.11357522981337498
train_000040000_completed,40000,126.57020624662555,126.57020624662555,0.0
uniform_block_audited,44000,139.22722687128808,126.52459906123725,0.10039650711639725
train_000044000_completed,44000,126.52459906123725,126.52459906123725,0.0
uniform_block_audited,48000,138.02683533953154,126.83683432117992,0.08822359118500223
train_000048000_completed,48000,126.83683432117992,126.83683432117992,0.0
uniform_block_audited,52000,137.4065705146116,127.42962225023624,0.07829379141361192
train_000052000_completed,52000,127.42962225023624,127.42962225023624,0.0
uniform_block_audited,56000,137.2319008848698,126.28364865166473,0.08669572308133278
train_000056000_completed,56000,126.28364865166473,126.28364865166473,0.0
uniform_block_audited,60000,135.3039092696408,124.90241873608639,0.08327693441655692
train_000060000_completed,60000,124.90241873608639,124.90241873608639,0.0
uniform_block_audited,64000,133.2292466518255,124.30950273922521,0.07175432059536102
train_000064000_completed,64000,124.30950273922521,124.30950273922521,0.0
uniform_block_audited,68000,132.0788466604268,124.56624601951565,0.06031008303593066
train_000068000_completed,68000,124.56624601951565,124.56624601951565,0.0
uniform_block_audited,72000,131.89367225595774,124.50044740116091,0.05938311876883984
train_000072000_completed,72000,124.50044740116091,124.50044740116091,0.0
uniform_block_audited,76000,131.41713892344762,124.72331887632922,0.05366935475599188
train_000076000_completed,76000,124.72331887632922,124.72331887632922,0.0
uniform_block_audited,80000,131.28770408034654,125.0584352339302,0.04981086509489807
train_000080000_completed,80000,125.0584352339302,125.0584352339302,0.0
uniform_block_audited,84000,131.3113569956267,124.84615516669025,0.0517853498996772
train_000084000_completed,84000,124.84615516669025,124.84615516669025,0.0
uniform_block_audited,88000,130.79121017462788,124.63710776524208,0.04937616509023335
train_000088000_completed,88000,124.63710776524208,124.63710776524208,0.0
uniform_block_audited,92000,130.30243084548036,124.46529539955712,0.04689769487297579
train_000092000_completed,92000,124.46529539955712,124.46529539955712,0.0
uniform_block_audited,96000,129.87682998214655,124.72985337579584,0.041264993640644176
train_000096000_completed,96000,124.72985337579584,124.72985337579584,0.0
uniform_block_audited,100000,129.92693059978734,124.17234005458391,0.04634357814851375
train_000100000_completed,100000,124.17234005458391,124.17234005458391,0.0
uniform_block_audited,104000,129.13923365676726,123.8901624853157,0.042368748786439925
train_000104000_completed,104000,123.8901624853157,123.8901624853157,0.0
uniform_block_audited,108000,128.6551687347509,124.11022336973679,0.036620233544131686
train_000108000_completed,108000,124.11022336973679,124.11022336973679,0.0
uniform_block_audited,112000,128.70689830935666,123.58793420895647,0.041419610523995676
train_000112000_completed,112000,123.58793420895647,123.58793420895647,0.0
uniform_block_audited,116000,128.00178900213348,123.59770059144017,0.035632446150849484
train_000116000_completed,116000,123.59770059144017,123.59770059144017,0.0
uniform_block_audited,120000,127.85969026700708,123.8730297560482,0.0321834423426155
train_000120000_completed,120000,123.8730297560482,123.8730297560482,0.0
uniform_block_audited,124000,128.00213074791645,123.81534003095197,0.03381479803647802
train_000124000_completed,124000,123.81534003095197,123.81534003095197,0.0
uniform_block_audited,128000,127.80938325775688,123.66037566566341,0.03355163341336609
train_000128000_completed,128000,123.66037566566341,123.66037566566341,0.0
uniform_block_audited,132000,127.52476240521538,123.48079689428353,0.0327497522905853
train_000132000_completed,132000,123.48079689428353,123.48079689428353,0.0
uniform_block_audited,136000,127.22263922441333,123.86160363138337,0.027135411576234114
train_000136000_completed,136000,123.86160363138337,123.86160363138337,0.0
uniform_block_audited,140000,127.50459197348289,123.45939832819397,0.0327653763104816
train_000140000_completed,140000,123.45939832819397,123.45939832819397,0.0
uniform_block_audited,144000,126.98680970899952,123.05688083409888,0.031935872648997554
train_000144000_completed,144000,123.05688083409888,123.05688083409888,0.0
uniform_block_audited,148000,126.47512752393494,123.06102931240436,0.02774313062881606
train_000148000_completed,148000,123.06102931240436,123.06102931240436,0.0
uniform_block_audited,152000,126.38700307760448,123.1494622181906,0.02628952494877934
train_000152000_completed,152000,123.1494622181906,123.1494622181906,0.0
uniform_block_audited,156000,126.39023753972194,123.12419034161368,0.026526446095169964
train_000156000_completed,156000,123.12419034161368,123.12419034161368,0.0
uniform_block_audited,160000,126.28122086319352,123.25644481808928,0.024540510231074952
train_000160000_completed,160000,123.25644481808928,123.25644481808928,0.0
uniform_block_audited,164000,126.33785593854151,123.51737996352732,0.02283464866116036
train_000164000_completed,164000,123.51737996352732,123.51737996352732,0.0
uniform_block_audited,168000,126.52999898702798,123.49009130270306,0.024616612169096053
train_000168000_completed,168000,123.49009130270306,123.49009130270306,0.0
uniform_block_audited,172000,126.43033157181503,123.57574684958657,0.023099878374216898
train_000172000_completed,172000,123.57574684958657,123.57574684958657,0.0
uniform_block_audited,176000,126.44960142748393,123.65431022387028,0.022605691613603263
train_000176000_completed,176000,123.65431022387028,123.65431022387028,0.0
uniform_block_audited,180000,126.46463545623097,123.81951966932199,0.021362672008202965
train_000180000_completed,180000,123.81951966932199,123.81951966932199,0.0
uniform_block_audited,184000,126.57106455086249,123.61305919977896,0.02392955380469064
train_000184000_completed,184000,123.61305919977896,123.61305919977896,0.0
uniform_block_audited,188000,126.30029961716546,123.30215923184944,0.024315392398591484
train_000188000_completed,188000,123.30215923184944,123.30215923184944,0.0
uniform_block_audited,192000,125.92560942827177,123.20163276060498,0.02210990720358219
train_000192000_completed,192000,123.20163276060498,123.20163276060498,0.0
uniform_block_audited,196000,125.76833344311758,123.42417982390664,0.01899266110218778
train_000196000_completed,196000,123.42417982390664,123.42417982390664,0.0
uniform_block_audited,200000,125.94304063663942,123.21742500995197,0.02212037482902529
train_000200000_completed,200000,123.21742500995197,123.21742500995197,0.0
uniform_block_audited,204000,125.681773510151,123.25833044135791,0.01966149517128235
train_000204000_completed,204000,123.25833044135791,123.25833044135791,0.0
uniform_block_audited,208000,125.67516045001199,123.47165481922868,0.01784624684920111
train_000208000_completed,208000,123.47165481922868,123.47165481922868,0.0
uniform_block_audited,212000,125.84610971959846,123.24977275105603,0.02106565319018161
train_000212000_completed,212000,123.24977275105603,123.24977275105603,0.0
uniform_block_audited,216000,125.57524016145331,123.19220788919945,0.019344017881367748
train_000216000_completed,216000,123.19220788919945,123.19220788919945,0.0
uniform_block_audited,220000,125.47354507233277,123.2423557206494,0.018104079061428857
train_000220000_completed,220000,123.2423557206494,123.2423557206494,0.0
uniform_block_audited,224000,125.4831258246612,123.15956428802465,0.01886626954283943
train_000224000_completed,224000,123.15956428802465,123.15956428802465,0.0
uniform_block_audited,228000,125.35884222173938,122.90485187217082,0.019966586446244383
train_000228000_completed,228000,122.90485187217082,122.90485187217082,0.0
uniform_block_audited,232000,125.06107734361241,122.70018661095466,0.019241134002048632
train_000232000_completed,232000,122.70018661095466,122.70018661095466,0.0
uniform_block_audited,236000,124.81570706976422,122.93812401138246,0.01527258589213476
train_000236000_completed,236000,122.93812401138246,122.93812401138246,0.0
uniform_block_audited,240000,125.02182102852454,122.7047953880275,0.01888292656509427
train_000240000_completed,240000,122.7047953880275,122.7047953880275,0.0
uniform_block_audited,244000,124.74987531116129,122.58185072061862,0.017686342454430015
train_000244000_completed,244000,122.58185072061862,122.58185072061862,0.0
uniform_block_audited,248000,124.5913892570222,122.64123061030082,0.01590132973239733
train_000248000_completed,248000,122.64123061030082,122.64123061030082,0.0
uniform_block_audited,252000,124.6193149749831,122.70077558236227,0.015635919035678958
train_000252000_completed,252000,122.70077558236227,122.70077558236227,0.0
uniform_block_audited,256000,124.64840694081246,122.76717070992132,0.015323609887012868
train_000256000_completed,256000,122.76717070992132,122.76717070992132,0.0
uniform_block_audited,260000,124.68540775226384,122.88181341597404,0.01467747167910316
train_000260000_completed,260000,122.88181341597404,122.88181341597404,0.0
uniform_block_audited,264000,124.77230285314288,123.01131565404532,0.014315652098625842
train_000264000_completed,264000,123.01131565404532,123.01131565404532,0.0
uniform_block_audited,268000,124.8751234669854,122.88748401494014,0.016174466162913737
train_000268000_completed,268000,122.88748401494014,122.88748401494014,0.0
uniform_block_audited,272000,124.72162556740193,122.62434804666492,0.017103271529230746
train_000272000_completed,272000,122.62434804666492,122.62434804666492,0.0
uniform_block_audited,276000,124.42764728264528,122.48280547363213,0.01587848842531492
train_000276000_completed,276000,122.48280547363213,122.48280547363213,0.0
uniform_block_audited,280000,124.25791859643839,122.62950272764431,0.013279152508762326
train_000280000_completed,280000,122.62950272764431,122.62950272764431,0.0
uniform_block_audited,284000,124.38135276661066,122.53276251813713,0.015086497769932317
train_000284000_completed,284000,122.53276251813713,122.53276251813713,0.0
uniform_block_audited,288000,124.25857607473061,122.56489404800863,0.013818655332566765
train_000288000_completed,288000,122.56489404800863,122.56489404800863,0.0
uniform_block_audited,292000,124.26718424311986,122.63813614387094,0.013283372941495397
train_000292000_completed,292000,122.63813614387094,122.63813614387094,0.0
uniform_block_audited,296000,124.3181106115952,122.69434761237709,0.01323421193246821
train_000296000_completed,296000,122.69434761237709,122.69434761237709,0.0
uniform_block_audited,300000,124.35237933686868,122.67445202005823,0.013677887198029648
train_000300000_completed,300000,122.67445202005823,122.67445202005823,0.0
uniform_block_audited,304000,124.31011138032567,122.77326155209784,0.012517789368784449
train_000304000_completed,304000,122.77326155209784,122.77326155209784,0.0
uniform_block_audited,308000,124.38869920409911,122.91499591734161,0.011989613437798363
train_000308000_completed,308000,122.91499591734161,122.91499591734161,0.0
uniform_block_audited,312000,124.51129456561877,122.87864267211455,0.01328670188733061
train_000312000_completed,312000,122.87864267211455,122.87864267211455,0.0
uniform_block_audited,316000,124.4540098858596,122.67517878055685,0.014500334321784436
train_000316000_completed,316000,122.67517878055685,122.67517878055685,0.0
uniform_block_audited,320000,124.22802914486769,122.48505484161775,0.014230097749506898
train_000320000_completed,320000,122.48505484161775,122.48505484161775,0.0
uniform_block_audited,324000,124.01611802713798,122.31030955265159,0.013946563300553771
train_000324000_completed,324000,122.31030955265159,122.31030955265159,0.0
uniform_block_audited,328000,123.82031337428927,122.23833823940552,0.01294172644743763
train_000328000_completed,328000,122.23833823940552,122.23833823940552,0.0
uniform_block_audited,332000,123.7290496813495,122.32180994778234,0.011504405748802071
train_000332000_completed,332000,122.32180994778234,122.32180994778234,0.0
uniform_block_audited,336000,123.79556669414117,122.42959749631885,0.011157181153547358
train_000336000_completed,336000,122.42959749631885,122.42959749631885,0.0
uniform_block_audited,340000,123.88709270460836,122.42652410845373,0.011930164699119894
train_000340000_completed,340000,122.42652410845373,122.42652410845373,0.0
uniform_block_audited,344000,123.86683615678848,122.39063933440194,0.012061353959866183
train_000344000_completed,344000,122.39063933440194,122.39063933440194,0.0
uniform_block_audited,348000,123.81378630340662,122.42229309559178,0.011366338373749452
train_000348000_completed,348000,122.42229309559178,122.42229309559178,0.0
uniform_block_audited,352000,123.82944588979399,122.28227744336269,0.012652434013979752
train_000352000_completed,352000,122.28227744336269,122.28227744336269,0.0
uniform_block_audited,356000,123.67184877794635,122.12267835114932,0.01268536235622486
train_000356000_completed,356000,122.12267835114932,122.12267835114932,0.0
uniform_block_audited,360000,123.49484327644312,122.00892275598656,0.012178785673145676
train_000360000_completed,360000,122.00892275598656,122.00892275598656,0.0
uniform_block_audited,364000,123.3645774532753,122.00503525143432,0.011143328626061821
train_000364000_completed,364000,122.00503525143432,122.00503525143432,0.0
uniform_block_audited,368000,123.34574992452701,122.02216710875909,0.010847068587039654
train_000368000_completed,368000,122.02216710875909,122.02216710875909,0.0
uniform_block_audited,372000,123.34849501211517,122.00968891174809,0.01097294905272217
train_000372000_completed,372000,122.00968891174809,122.00968891174809,0.0
uniform_block_audited,376000,123.32162105058408,122.0927022676156,0.010065456494482428
train_000376000_completed,376000,122.0927022676156,122.0927022676156,0.0
uniform_block_audited,380000,123.39156080237747,122.21988285464205,0.009586639426981902
train_000380000_completed,380000,122.21988285464205,122.21988285464205,0.0
uniform_block_audited,384000,123.50640793732249,122.21096863305532,0.010600024848479883
train_000384000_completed,384000,122.21096863305532,122.21096863305532,0.0
uniform_block_audited,388000,123.4839995563163,122.25744863684612,0.01003252507839858
train_000388000_completed,388000,122.25744863684612,122.25744863684612,0.0
uniform_block_audited,392000,123.51783470526722,122.30537281152687,0.009913398453956335
train_000392000_completed,392000,122.30537281152687,122.30537281152687,0.0
uniform_block_audited,396000,123.55338681980776,122.43601733530858,0.009126150203327077
train_000396000_completed,396000,122.43601733530858,122.43601733530858,0.0
uniform_block_audited,400000,123.67274478313998,122.33246548558496,0.010956039283888552
train_000400000_completed,400000,122.33246548558496,122.33246548558496,0.0
