cohort,seed,candidate,allocation,horizon,macro_pct,gain_pp,delta_pp,max_drop_pp,DO,DC,WO,WC
replication,1903,U,균등,20000,50.0,1.5,0.0,4.0,12.0,100.0,0.0,88.0
replication,1903,U,균등,40000,53.0,4.5,0.0,4.0,12.0,100.0,0.0,100.0
replication,1903,F_DO,서랍열기 집중,20000,32.5,-16.0,-17.5,84.0,20.0,100.0,10.0,0.0
replication,1903,F_DO,서랍열기 집중,40000,52.0,3.5,-1.0,4.0,8.0,100.0,0.0,100.0
replication,1903,F_DC,서랍닫기 집중,20000,40.0,-8.5,-10.0,28.0,2.0,100.0,2.0,56.0
replication,1903,F_DC,서랍닫기 집중,40000,59.5,11.0,6.5,0.0,20.0,100.0,18.0,100.0
replication,1903,F_WO,창문열기 집중,20000,26.5,-22.0,-23.5,84.0,6.0,100.0,0.0,0.0
replication,1903,F_WO,창문열기 집중,40000,55.5,7.0,2.5,4.0,34.0,100.0,8.0,80.0
replication,1903,F_WC,창문닫기 집중,20000,49.5,1.0,-0.5,6.0,0.0,100.0,0.0,98.0
replication,1903,F_WC,창문닫기 집중,40000,56.0,7.5,3.0,4.0,24.0,100.0,0.0,100.0
replication,1904,U,균등,20000,41.5,-7.0,0.0,30.0,8.0,100.0,4.0,54.0
replication,1904,U,균등,40000,42.0,-6.5,0.0,34.0,16.0,100.0,2.0,50.0
replication,1904,F_DO,서랍열기 집중,20000,55.0,6.5,13.5,0.0,18.0,100.0,8.0,94.0
replication,1904,F_DO,서랍열기 집중,40000,52.0,3.5,10.0,2.0,6.0,100.0,2.0,100.0
replication,1904,F_DC,서랍닫기 집중,20000,46.0,-2.5,4.5,10.0,8.0,100.0,2.0,74.0
replication,1904,F_DC,서랍닫기 집중,40000,50.0,1.5,8.0,2.0,10.0,100.0,2.0,88.0
replication,1904,F_WO,창문열기 집중,20000,51.0,2.5,9.5,4.0,2.0,100.0,2.0,100.0
replication,1904,F_WO,창문열기 집중,40000,57.0,8.5,15.0,0.0,20.0,100.0,8.0,100.0
replication,1904,F_WC,창문닫기 집중,20000,50.0,1.5,8.5,14.0,28.0,100.0,2.0,70.0
replication,1904,F_WC,창문닫기 집중,40000,56.5,8.0,14.5,0.0,20.0,100.0,6.0,100.0
replication,1905,U,균등,20000,50.0,1.5,0.0,6.0,0.0,100.0,0.0,100.0
replication,1905,U,균등,40000,52.0,3.5,0.0,0.0,8.0,100.0,4.0,96.0
replication,1905,F_DO,서랍열기 집중,20000,48.5,0.0,-1.5,6.0,0.0,100.0,0.0,94.0
replication,1905,F_DO,서랍열기 집중,40000,44.0,-4.5,-8.0,32.0,22.0,100.0,2.0,52.0
replication,1905,F_DC,서랍닫기 집중,20000,52.5,4.0,2.5,4.0,2.0,100.0,12.0,96.0
replication,1905,F_DC,서랍닫기 집중,40000,55.5,7.0,3.5,2.0,34.0,100.0,2.0,86.0
replication,1905,F_WO,창문열기 집중,20000,45.0,-3.5,-5.0,6.0,0.0,100.0,2.0,78.0
replication,1905,F_WO,창문열기 집중,40000,53.5,5.0,1.5,4.0,16.0,100.0,0.0,98.0
replication,1905,F_WC,창문닫기 집중,20000,43.5,-5.0,-6.5,16.0,6.0,100.0,0.0,68.0
replication,1905,F_WC,창문닫기 집중,40000,50.0,1.5,-2.0,6.0,0.0,100.0,0.0,100.0
discovery,1901,U,균등,20000,51.5,3.0,0.0,4.0,6.0,100.0,0.0,100.0
discovery,1901,U,균등,40000,57.5,9.0,0.0,0.0,30.0,100.0,14.0,86.0
discovery,1901,F_DO,서랍열기 집중,20000,28.5,-20.0,-23.0,84.0,8.0,100.0,6.0,0.0
discovery,1901,F_DO,서랍열기 집중,40000,54.0,5.5,-3.5,4.0,16.0,100.0,0.0,100.0
discovery,1901,F_DC,서랍닫기 집중,20000,57.0,8.5,5.5,4.0,28.0,100.0,0.0,100.0
discovery,1901,F_DC,서랍닫기 집중,40000,55.0,6.5,-2.5,2.0,32.0,100.0,2.0,86.0
discovery,1901,F_WO,창문열기 집중,20000,43.5,-5.0,-8.0,32.0,2.0,100.0,20.0,52.0
discovery,1901,F_WO,창문열기 집중,40000,54.0,5.5,-3.5,4.0,16.0,100.0,0.0,100.0
discovery,1901,F_WC,창문닫기 집중,20000,47.0,-1.5,-4.5,4.0,2.0,100.0,0.0,86.0
discovery,1901,F_WC,창문닫기 집중,40000,57.0,8.5,-0.5,4.0,16.0,96.0,16.0,100.0
discovery,1902,U,균등,20000,45.5,-3.0,0.0,18.0,12.0,100.0,4.0,66.0
discovery,1902,U,균등,40000,50.5,2.0,0.0,4.0,6.0,100.0,0.0,96.0
discovery,1902,F_DO,서랍열기 집중,20000,28.0,-20.5,-17.5,84.0,12.0,100.0,0.0,0.0
discovery,1902,F_DO,서랍열기 집중,40000,56.5,8.0,6.0,0.0,18.0,100.0,8.0,100.0
discovery,1902,F_DC,서랍닫기 집중,20000,47.0,-1.5,1.5,6.0,0.0,100.0,0.0,88.0
discovery,1902,F_DC,서랍닫기 집중,40000,58.0,9.5,7.5,0.0,32.0,100.0,4.0,96.0
discovery,1902,F_WO,창문열기 집중,20000,28.0,-20.5,-17.5,84.0,8.0,100.0,4.0,0.0
discovery,1902,F_WO,창문열기 집중,40000,53.0,4.5,2.5,6.0,0.0,100.0,12.0,100.0
discovery,1902,F_WC,창문닫기 집중,20000,49.5,1.0,4.0,4.0,12.0,100.0,0.0,86.0
discovery,1902,F_WC,창문닫기 집중,40000,56.0,7.5,5.5,4.0,24.0,100.0,0.0,100.0
