cohort,seed,candidate,new_sample_pct,DO_batch_pct,DC_batch_pct,WO_batch_pct,WC_batch_pct
replication,1903,U,19.999736328125,25.111298828125,24.93669921875,25.011328125,24.940673828125
replication,1903,F_DO,19.999736328125,32.6297265625,22.379228515624998,22.494541015625,22.496503906250002
replication,1903,F_DC,19.999736328125,22.567197265625,32.4417578125,22.494541015625,22.496503906250002
replication,1903,F_WO,19.999736328125,22.567197265625,22.406923828125,32.529375,22.496503906250002
replication,1903,F_WC,19.999736328125,22.567197265625,22.406923828125,22.614873046875,32.411005859374995
replication,1904,U,20.011201171875,25.101425781249997,24.64443359375,25.156123046875003,25.098017578125
replication,1904,F_DO,20.011201171875,32.439296875000004,22.38435546875,22.60775390625,22.568593749999998
replication,1904,F_DC,20.011201171875,22.564306640625002,32.259345703125,22.60775390625,22.568593749999998
replication,1904,F_WO,20.011201171875,22.564306640625002,22.393515625,32.473583984375,22.568593749999998
replication,1904,F_WC,20.011201171875,22.564306640625002,22.393515625,22.422158203125,32.62001953125
replication,1905,U,20.003173828125,25.11822265625,24.899326171875,25.0053125,24.977138671875
replication,1905,F_DO,20.003173828125,32.62015625,22.3253515625,22.590126953125,22.464365234375
replication,1905,F_DC,20.003173828125,22.56380859375,32.38169921875,22.590126953125,22.464365234375
replication,1905,F_WO,20.003173828125,22.56380859375,22.4140625,32.557763671875,22.464365234375
replication,1905,F_WC,20.003173828125,22.56380859375,22.4140625,22.5740234375,32.44810546875
discovery,1901,U,19.99068359375,25.042119140625,24.92767578125,25.128203125,24.902001953125
discovery,1901,F_DO,19.99068359375,32.567822265625004,22.432734375,22.5240625,22.475380859375
discovery,1901,F_DC,19.99068359375,22.5562890625,32.444267578125,22.5240625,22.475380859375
discovery,1901,F_WO,19.99068359375,22.5562890625,22.36771484375,32.600615234375,22.475380859375
discovery,1901,F_WC,19.99068359375,22.5562890625,22.36771484375,22.585849609375,32.490146484374996
discovery,1902,U,19.994677734375,25.082734374999998,24.929111328125,25.02140625,24.966748046875
discovery,1902,F_DO,19.994677734375,32.629160156249995,22.31021484375,22.5489453125,22.5116796875
discovery,1902,F_DC,19.994677734375,22.518837890624997,32.420537109375005,22.5489453125,22.5116796875
discovery,1902,F_WO,19.994677734375,22.518837890624997,22.434638671875,32.53484375,22.5116796875
discovery,1902,F_WC,19.994677734375,22.518837890624997,22.434638671875,22.591123046875,32.455400390625
