step,task,seed,initial_state_hash,task_parameter_hash
1,DC,2763437492,82885fac45e113b9a21ec45315c65b72d33086e6805f86d97a79a8bf128bbdbb,f52b271dd5418f6b01b1d4347cd8c7e129a808ce11d674c031ce9ae26e49499e
501,PU,2780976537,19166879be1ab0c90b58f2e4e8b152d7ed983cfe460d8d53efde173d03222c2f,008ac62bb037ba7b2628b7d1709c03ac2d640b9e5b3a957d82dd0b5f07e7ad49
1001,BP,3599382168,2e9cc58180619c530408992a71c7346bbb2c2b5ba449198de0186332ba6d4a63,a9596e55d3922202a5f3930829da112ccb80562dac631a0291d767900ad6c56c
1501,DO,3285986138,719c468a8f7039b36ef470d6362b390857933ee22a96b7eeae9443e957683302,d24d3a9780a8538a04c674be1d53bc7961091709ec321bb96c823625da4dccaf
2001,PU,3650943421,6c46141d5e18e7bbcba964ef6967f6f88b4830c29b434d99ea0bc8b67814e044,6fdf1f0ebb63dc77078a7fbda11efd7465f3aeba42f1dd8d648cb937602b1693
2501,DO,3852634689,a8077e61ef1d658cebe930ed8811a98abe964782a4d5d57fb954480a78f91bd5,1ae7bda85f372c9014de478df7a977cca0dcf89417fe5e519eeeb147c39863c1
3001,DC,2885675685,5d2d5e47d14b21f3741bbb1246b6564a6798ab2f3f37bc7a0d65b2c2dc5f8d29,ca21a44e883e8333c78e6897efa9d33d0446a8558830e1d143b364728e843038
3501,BP,3891090412,53694a4d0ec430fc26b337150c473d8ca2f9c7a753f531810cad9f281bdede1b,cdbe0fa3da2389429b80f9ee9605e6ee59701f208b3f0ddae57ad4b600495779
4001,DC,939644981,515c4d6c0a008c436e1bfe54c39067f2c6288b8f3bb10e0bf9fd7802110a90ec,ffdf4ddf49653d9b37f775581424ab5f39038279f50cf50e6ef4b921a56d770a
4501,DO,875020051,55e3ede8296a47f2d563981f5201ba995da030fc277b3bf4021fc5f0baeeb528,59c9bc38c538e28e79ef1e0a250e992eef17878b6577309843d13937fe04d9a6
